date,open,high,low,adjClose,value,volume,count,yesterday,close,rsi_14,rsi_7,stoch_k,stoch_d,williams_r,roc_10,roc_20,macd_diff,macd_norm,adx,di_plus,di_minus,di_diff,cci,price_to_sma10,price_to_sma20,price_to_sma50,price_to_ema12,price_to_ema26,sma10_to_sma50,bb_pband,bb_wband,atr_pct,daily_range_pct,volatility_20,volatility_10,volatility_5,vol_ratio_5_20,volume_ratio_20,volume_ratio_5,obv_slope,mfi,avg_trade_value,avg_trade_value_ratio,trade_count_ratio,body_ratio,upper_shadow,lower_shadow,gap_pct,ret_1d,ret_2d,ret_3d,ret_5d,ret_10d,ret_20d,ret_zscore,pct_from_52w_high,pct_from_52w_low,up_streak,down_streak,rsi_14_lag1,rsi_14_lag2,rsi_14_lag3,rsi_14_lag5,macd_diff_lag1,macd_diff_lag2,macd_diff_lag3,macd_diff_lag5,volume_ratio_20_lag1,volume_ratio_20_lag2,volume_ratio_20_lag3,volume_ratio_20_lag5,ret_1d_lag1,ret_1d_lag2,ret_1d_lag3,ret_1d_lag5,adx_lag1,adx_lag2,adx_lag3,adx_lag5,future_return,signal,signal_class
2026-01-19,13300.0,13330.0,13100.0,13290.0,1917387840,144282,18,12970.0,13330.0,71.66636296304698,73.34960796185679,100.0,80.48780487804879,-0.0,9.7119341563786,13.446808510638297,18.28596972314756,0.03568686061006315,51.91714517082644,35.211904187723746,16.551242989990097,18.66066119773365,125.40716612377842,1.03221310205978,1.0670829330771694,1.1595942724916053,1.0412936731284945,1.0814820907037463,1.1234058840927676,0.9145419438584479,16.182423533015506,0.022852312164872823,0.0172543135783946,0.01918053693378429,0.0199076960010381,0.014154392521185017,0.7379560108275017,0.06413440336317786,0.07030880184020553,0.03135511878409192,95.46659623379782,106521546.66666667,0.10420280725029474,0.6463195691202872,0.13043478260869565,0.0,0.8695652173913043,0.021505376344086023,0.023809523809523725,0.03173374613003088,0.02775636083269073,0.02538461538461534,0.0971193415637861,0.13446808510638308,0.9023200006752714,0.0,0.333,2,0,67.78125504449346,66.40126050456885,67.74852832170097,70.37135961925517,7.0911940291978794,13.614107274632772,26.503203107486797,49.06769091505981,0.7535960497864814,0.08413345148885315,3.758939919066156,0.07675848663148754,0.007739938080495445,-0.0038550501156514594,0.010911925175370207,0.02281667977970092,53.137687868348685,54.862185161027796,56.71933609160529,61.28487599699734,0.0007524454477050302,0,1.0
2026-01-20,13290.0,13680.0,13290.0,13600.0,12566648750,923793,43,13290.0,13680.0,75.2893710345709,79.32786216220448,100.0,91.59891598915989,-0.0,9.090909090909092,18.134715025906736,42.51003008409941,0.03732144881682153,51.44950293657628,40.097230211080976,15.068468025789313,25.02876218529166,155.3408480944712,1.0500460546515198,1.085972850678733,1.1830839747470379,1.0574684999962847,1.1009175962323663,1.126697223903831,1.017845477815534,16.602027894768668,0.022713435542245256,0.02850877192982456,0.018997917205197903,0.0192451956978577,0.01233591870173496,0.6493300591056268,0.40269935283831737,0.41900231156046935,0.034924340593836645,95.59976261882004,292247645.3488372,0.28216727011950016,1.4802065404475042,1.0,0.0,0.0,-0.003000750187546887,0.026256564141035277,0.05069124423963123,0.05882352941176472,0.06625097427903359,0.09090909090909083,0.18134715025906734,0.9326174957398643,0.0,0.368,3,0,71.66636296304698,67.78125504449346,66.40126050456885,65.95239954989883,18.28596972314756,7.0911940291978794,13.614107274632772,33.24803535251925,0.06413440336317786,0.7535960497864814,0.08413345148885315,0.09198922139441046,0.023809523809523725,0.007739938080495445,-0.0038550501156514594,-0.013076923076923097,51.91714517082644,53.137687868348685,54.862185161027796,58.502182075373405,-0.018382352941176516,0,0.0
2026-01-21,13550.0,13920.0,13550.0,13920.0,6019564370,432548,35,13600.0,13920.0,77.42139446131628,82.47317601581639,100.0,100.0,-0.0,9.433962264150944,19.48497854077253,66.51389640525508,0.039596965534237645,51.39441858687497,42.17412758778961,13.804897153913648,28.369230433875963,174.04640188753416,1.0587161545482202,1.095157546910035,1.1959790359996563,1.0635814896213267,1.110343146646965,1.129650313600825,1.0491787100840322,17.327246151890073,0.02262601281215567,0.02658045977011494,0.019092237590060537,0.019371547747045487,0.012415246134502003,0.6502771650487635,0.18684939214918334,0.6413408868233826,0.00960341119979824,96.86379507801998,171987553.42857143,0.1647232881198557,1.2048192771084336,1.0,0.0,0.0,-0.009502923976608187,0.01754385964912286,0.04426106526631668,0.06912442396313367,0.0732459521973785,0.09433962264150941,0.19484978540772535,0.44154791728743814,0.0,0.392,4,0,75.2893710345709,71.66636296304698,67.78125504449346,67.74852832170097,42.51003008409941,18.28596972314756,7.0911940291978794,26.503203107486797,0.40269935283831737,0.06413440336317786,0.7535960497864814,3.758939919066156,0.026256564141035277,0.023809523809523725,0.007739938080495445,0.010911925175370207,51.44950293657628,51.91714517082644,53.137687868348685,56.71933609160529,-0.04454022988505746,0,0.0
2026-01-24,13880.0,14020.0,13600.0,13730.0,50173096390,3653414,51,13920.0,13710.0,71.60016235281269,71.38543554373652,83.42245989304813,94.47415329768272,-16.577540106951872,4.65648854961832,17.884780739466898,60.25187968883853,0.04084542038237645,51.49045391911677,40.46662211787673,12.521344419180036,27.945277698696696,152.8824001449614,1.0379286849875085,1.069881774552265,1.1707941929974381,1.0399308125275433,1.0860628653938778,1.1280102476515799,0.9201570169737557,16.632299766310947,0.02351986703390482,0.030634573304157548,0.019715286269412543,0.019263697051360034,0.01677234092058235,0.8507277394497663,1.552872559887684,2.669045473978404,-0.001477830503486044,83.63127627406166,983786203.7254902,0.9682067188789231,1.6721311475409837,0.40476190476190477,0.3333333333333333,0.2619047619047619,-0.0028735632183908046,-0.015086206896551713,0.002192982456140413,0.028507126781695424,0.06114551083591335,0.04656488549618332,0.17884780739466888,-1.1935639708654981,-0.015086206896551725,0.371,0,1,77.42139446131628,75.2893710345709,71.66636296304698,66.40126050456885,66.51389640525508,42.51003008409941,18.28596972314756,13.614107274632772,0.18684939214918334,0.40269935283831737,0.06413440336317786,0.08413345148885315,0.01754385964912286,0.026256564141035277,0.023809523809523725,-0.0038550501156514594,51.39441858687497,51.44950293657628,51.91714517082644,54.862185161027796,-0.03568827385287687,0,0.0
2026-01-25,13650.0,13700.0,13640.0,13650.0,16988315850,1244635,40,13730.0,13640.0,69.71840003538101,67.8386644774426,78.28571428571429,87.23605805958748,-21.714285714285715,7.317073170731707,13.666666666666666,44.14520580878781,0.040683309458543065,51.57962958476986,39.80238510598973,12.315813540482603,27.486571565507127,120.00357229430611,1.0254097128251392,1.057651300740511,1.1579143958301499,1.0291396313383925,1.0741113929784345,1.1292212091886111,0.852473237964069,16.356220708701848,0.022318526924239922,0.004398826979472141,0.019131844289485247,0.015582929752310517,0.0184936279940354,0.9666411514858185,0.570331093642355,0.9725729026272952,-0.010790974608949067,80.13599387672954,424707896.25,0.4666289791926041,1.2738853503184715,0.16666666666666666,0.8333333333333334,0.0,-0.00437636761487965,-0.0051057622173595885,-0.02011494252873558,-0.0029239766081871066,0.04761904761904767,0.07317073170731714,0.13666666666666671,-0.6118076609741093,-0.020114942528735632,0.364,0,2,71.60016235281269,77.42139446131628,75.2893710345709,67.78125504449346,60.25187968883853,66.51389640525508,42.51003008409941,7.0911940291978794,1.552872559887684,0.18684939214918334,0.40269935283831737,0.7535960497864814,-0.015086206896551713,0.01754385964912286,0.026256564141035277,0.007739938080495445,51.49045391911677,51.39441858687497,51.44950293657628,53.137687868348685,-0.02857142857142858,0,0.0
2026-01-26,13420.0,13420.0,13280.0,13300.0,7746610740,582576,20,13650.0,13280.0,60.8597050662173,52.259613810769665,56.21301775147929,72.64039731008057,-43.78698224852071,2.1538461538461537,7.183212267958031,4.104691640264946,0.03884834335512581,50.042045042692,36.48546404667324,19.622951639421267,16.862512407251977,62.00466200466201,0.9962490622655664,1.0261958117610694,1.1214321905083602,1.001672834980787,1.0422294538878927,1.12565445026178,0.6629087895690909,16.080048124082108,0.023222467696892336,0.010542168674698794,0.019464866606668477,0.01772458895313488,0.022056146302040905,1.1331259929870097,0.279588829116676,0.4260486303427573,-0.013093635556639782,76.11769224375402,387330537.0,0.4334182203536269,0.6622516556291391,1.0,0.0,0.0,-0.016129032258064516,-0.02639296187683282,-0.031363967906637535,-0.04597701149425293,-0.0037509377344335793,0.021538461538461506,0.07183212267958039,-1.543681807724715,-0.04597701149425287,0.328,0,3,69.71840003538101,71.60016235281269,77.42139446131628,71.66636296304698,44.14520580878781,60.25187968883853,66.51389640525508,18.28596972314756,0.570331093642355,1.552872559887684,0.18684939214918334,0.06413440336317786,-0.0051057622173595885,-0.015086206896551713,0.01754385964912286,0.023809523809523725,51.57962958476986,51.49045391911677,51.39441858687497,51.91714517082644,0.0022556390977443996,0,1.0
2026-01-27,13100.0,13450.0,13100.0,13350.0,71094846400,5323977,15,13300.0,13260.0,60.400533183179874,51.493157320130784,55.02958579881657,63.17610594533672,-44.97041420118343,3.3515198752922837,6.335204490777866,-27.149449753542854,0.0360380464497645,47.92637585049232,33.557499227740365,22.175358144868422,11.382141082871943,48.06071945118967,0.9915501383384431,1.0215322984476716,1.1138925757295743,1.0001390124171994,1.0375349426497649,1.123385023773122,0.6362329740729775,15.805496866079608,0.023481614001247,0.026395173453996983,0.019485958298792173,0.016972812572629354,0.016383535905025275,0.840786768287439,2.3233445885551265,2.368917830588717,-0.032832549554203116,57.93193723823941,4739656426.666667,4.331518704663772,0.5008347245409015,0.45714285714285713,0.5428571428571428,0.0,-0.01355421686746988,-0.001506024096385561,-0.027859237536656867,-0.03282275711159732,-0.030701754385964897,0.03351519875292275,0.06335204490777868,-0.24440576190312324,-0.04741379310344827,0.326,0,4,60.8597050662173,69.71840003538101,71.60016235281269,75.2893710345709,4.104691640264946,44.14520580878781,60.25187968883853,42.51003008409941,0.279588829116676,0.570331093642355,1.552872559887684,0.40269935283831737,-0.02639296187683282,-0.0051057622173595885,-0.015086206896551713,0.026256564141035277,50.042045042692,51.57962958476986,51.49045391911677,51.44950293657628,-0.025468164794007486,0,0.0
2026-01-28,13300.0,13550.0,13290.0,13300.0,7012573250,527421,14,13350.0,13550.0,64.57420016168408,61.135617853640426,72.18934911242603,61.143984220907306,-27.810650887573964,4.471858134155744,8.4,-31.412714304370922,0.03437255002191561,46.20297479778407,33.619327659955935,20.693538410463127,12.925789249492809,72.48863110312357,1.0088600997691908,1.0396685337220901,1.1320723189519766,1.018562961781431,1.0555172611103367,1.1221301340106271,0.7510816591063741,15.799056714566301,0.022866423940616543,0.01918819188191882,0.01992242388597654,0.01784099229627517,0.01798140522211793,0.9025711592641646,0.2275521062357667,0.23271264098210884,-0.03248774781907193,49.929212075820175,500898089.28571427,0.4475493618057957,0.4682274247491639,0.9615384615384616,0.0,0.038461538461538464,0.0030165912518853697,0.02187028657616885,0.02033132530120474,-0.006598240469208205,-0.026580459770114917,0.04471858134155737,0.08400000000000007,0.885464773420333,-0.02658045977011494,0.355,1,0,60.400533183179874,60.8597050662173,69.71840003538101,77.42139446131628,-27.149449753542854,4.104691640264946,44.14520580878781,66.51389640525508,2.3233445885551265,0.279588829116676,0.570331093642355,0.18684939214918334,-0.001506024096385561,-0.02639296187683282,-0.0051057622173595885,0.01754385964912286,47.92637585049232,50.042045042692,51.57962958476986,51.39441858687497,-0.006766917293233088,0,1.0
2026-01-31,13300.0,13310.0,13200.0,13240.0,380805440,28757,10,13300.0,13200.0,56.794080804923276,47.76596201595323,51.4792899408284,59.566074950690336,-48.5207100591716,2.1671826625387,8.91089108910891,-59.306841690996464,0.03204751628693802,44.25342193899211,30.932758002831452,21.094753672676884,9.838004330154568,29.475587703435806,0.9807563712014266,1.0086345228088944,1.0977861313018744,0.9934372084734031,1.0261055304588993,1.1193260258478734,0.5599855289271713,14.394343041265062,0.023690046413093094,0.008333333333333333,0.0195266316182655,0.020187291820566028,0.019982235411889218,1.0233324314469854,0.012522755384170805,0.01865553030698166,-0.021275359445381392,51.72982993142525,38080544.0,0.03428411622068194,0.3442340791738382,0.9090909090909091,0.09090909090909091,0.0,-0.01845018450184502,-0.02583025830258301,-0.004524886877828038,-0.0060240963855421326,-0.03719912472647702,0.021671826625387025,0.08910891089108919,-1.5511342664502572,-0.05172413793103448,0.32,0,1,64.57420016168408,60.400533183179874,60.8597050662173,71.60016235281269,-31.412714304370922,-27.149449753542854,4.104691640264946,60.25187968883853,0.2275521062357667,2.3233445885551265,0.279588829116676,1.552872559887684,0.02187028657616885,-0.001506024096385561,-0.02639296187683282,-0.015086206896551713,46.20297479778407,47.92637585049232,50.042045042692,51.49045391911677,0.0083081570996979,0,1.0
2026-02-01,13100.0,13450.0,13000.0,13260.0,39896608090,3008910,21,13240.0,13320.0,58.63428349167509,51.96761396845087,45.736434108527135,56.468357720593865,-54.263565891472865,2.3041474654377883,9.090909090909092,-70.42060556368602,0.02960272520450231,41.7096456894675,27.851124615370033,23.420934437502066,4.430190177867967,26.321036889332014,0.9874712728890207,1.013505801788092,1.1028863828307418,1.0020879004826588,1.0327231501919136,1.1168794608111017,0.6037408747131605,13.0187853393709,0.024212848372408703,0.033783783783783786,0.019543493537351922,0.020231990592953063,0.021350269580980057,1.0924489800237092,1.474702508221014,1.588378402433116,-0.007702807431705372,57.059677239016565,1899838480.4761906,1.7754553507128397,0.7433628318584071,0.4888888888888889,0.28888888888888886,0.2222222222222222,-0.007575757575757576,0.009090909090909038,-0.01697416974169741,0.004524886877828038,-0.02346041055718473,0.02304147465437789,0.09090909090909083,0.23278753348380354,-0.04310344827586207,0.332,1,0,56.794080804923276,64.57420016168408,60.400533183179874,69.71840003538101,-59.306841690996464,-31.412714304370922,-27.149449753542854,44.14520580878781,0.012522755384170805,0.2275521062357667,2.3233445885551265,0.570331093642355,-0.02583025830258301,0.02187028657616885,-0.001506024096385561,-0.0051057622173595885,44.25342193899211,46.20297479778407,47.92637585049232,51.57962958476986,-0.022624434389140302,0,0.0
2026-02-02,13520.0,13520.0,13210.0,13330.0,41583880,3119,16,13260.0,13450.0,60.59244578175094,56.40022495235426,48.18181818181818,48.46584741039124,-51.81818181818182,0.9002250562640659,10.699588477366255,-69.63548136579635,0.02808063595393393,39.553282800981094,27.48839842799125,21.80905333116599,5.679345096825259,47.29792491036457,0.9962225020368861,1.0183607798599281,1.1082729070533948,1.010023883576115,1.0395064839158374,1.112475280158207,0.6654798645292295,11.095476728943614,0.023912357005662722,0.023048327137546468,0.01944502977507135,0.01903764116296906,0.017957223001731165,0.9234865263488791,0.0015297341274021828,0.0017537873710215624,-0.005833128787606334,56.807155588507406,2598992.5,0.002431003139456739,0.5683836589698047,0.22580645161290322,0.0,0.7741935483870968,0.015015015015015015,0.009759759759759845,0.018939393939394034,-0.0073800738007380184,0.012801204819277157,0.00900225056264059,0.10699588477366251,0.23063189633829806,-0.033764367816091954,0.345,2,0,58.63428349167509,56.794080804923276,64.57420016168408,60.8597050662173,-70.42060556368602,-59.306841690996464,-31.412714304370922,4.104691640264946,1.474702508221014,0.012522755384170805,0.2275521062357667,0.279588829116676,0.009090909090909038,-0.02583025830258301,0.02187028657616885,-0.02639296187683282,41.7096456894675,44.25342193899211,46.20297479778407,50.042045042692,-0.04726181545386343,0,0.0
2026-02-03,13280.0,13280.0,13000.0,13010.0,933071070,71713,22,13330.0,13010.0,51.67601303620084,41.33693481657866,8.181818181818182,34.0333568240545,-91.81818181818181,-4.89766081871345,3.7480063795853265,-97.65087718107253,0.02500049488623114,36.81464992923254,24.81824977172154,24.223654640868762,0.5945951308527775,-29.561220401880945,0.9684382909036773,0.983296802962739,1.0677763004546872,0.980454192931721,1.0050908182919212,1.102575466587876,0.33588714752163645,10.177872594995636,0.025425912059076135,0.021521906225980016,0.020128125673381955,0.01949341140506653,0.024135382143091747,1.199087413042592,0.038436292032207525,0.09850903316556407,0.011255578396428323,37.451564512148174,42412321.36363637,0.04211682788362989,0.7985480943738656,0.9642857142857143,0.0,0.03571428571428571,-0.012639405204460967,-0.03271375464684012,-0.02327327327327322,-0.014393939393939403,-0.018853695324283604,-0.04897660818713445,0.037480063795853225,-1.7263527103880207,-0.0653735632183908,0.301,0,1,60.59244578175094,58.63428349167509,56.794080804923276,60.400533183179874,-69.63548136579635,-70.42060556368602,-59.306841690996464,-27.149449753542854,0.0015297341274021828,1.474702508221014,0.012522755384170805,2.3233445885551265,0.009759759759759845,0.009090909090909038,-0.02583025830258301,-0.001506024096385561,39.553282800981094,41.7096456894675,44.25342193899211,47.92637585049232,-0.017678708685626487,0,0.0
2026-02-07,13020.0,13400.0,13020.0,13210.0,26772551820,2026137,15,13010.0,13400.0,57.62783490623557,54.03242143808473,42.05607476635514,32.806570376663835,-57.94392523364486,-3.7356321839080464,5.345911949685535,-89.0580405694268,0.023252594398444494,34.65140315355162,25.31292637587056,22.210058021615726,3.1028683542548343,8.206889970417368,1.0013450904199672,1.0101771579344139,1.0950217369986597,1.008317963729963,1.0325265911010733,1.0935508122773183,0.6064319310848676,9.562128423939544,0.025001516559443212,0.028358208955223882,0.020919007097458184,0.021384281922091738,0.026433997086116486,1.2636353610362518,1.1811843411430805,1.9714735583528393,0.01613293836893659,44.1727926880427,1784836788.0,1.7862120881805044,0.5628517823639775,1.0,0.0,0.0,0.0007686395080707148,0.02997694081475788,-0.0037174721189591198,0.006006006006006093,-0.011070110701106972,-0.03735632183908044,0.053459119496855445,1.2984032813951796,-0.03735632183908046,0.34,1,0,51.67601303620084,60.59244578175094,58.63428349167509,64.57420016168408,-97.65087718107253,-69.63548136579635,-70.42060556368602,-31.412714304370922,0.038436292032207525,0.0015297341274021828,1.474702508221014,0.2275521062357667,-0.03271375464684012,0.009759759759759845,0.009090909090909038,0.02187028657616885,36.81464992923254,39.553282800981094,41.7096456894675,46.20297479778407,-0.060560181680545,0,0.0
2026-02-08,13350.0,13500.0,13210.0,13350.0,1554033300,116374,11,13210.0,13210.0,54.130003303346236,48.114170359900974,20.58823529411765,23.608709414096992,-79.41176470588235,-3.6469730123997084,0.8396946564885497,-94.78158751127017,0.021360016738796016,32.95029179233939,25.885227548308738,20.823899375924892,5.0613281723838455,14.814814814814815,0.9908490849084909,0.9954410157868957,1.075347595324151,0.9949361186929244,1.016539465109371,1.0852788902998927,0.4520058276813626,9.49903705565911,0.02511768240864609,0.02195306585919758,0.020227797307831266,0.021331975015726156,0.02422293651804229,1.1975073780606003,0.07959976177664227,0.11133598009893513,0.015848156327249008,39.46305591605487,141275754.54545453,0.1468256358499956,0.4710920770877944,0.4827586206896552,0.5172413793103449,0.0,-0.0037313432835820895,-0.014179104477611948,0.01537279016141424,-0.017843866171003753,0.0007575757575757347,-0.036469730123997124,0.008396946564885432,-0.7312744780208851,-0.05100574712643678,0.321,0,1,57.62783490623557,51.67601303620084,60.59244578175094,56.794080804923276,-89.0580405694268,-97.65087718107253,-69.63548136579635,-59.306841690996464,1.1811843411430805,0.038436292032207525,0.0015297341274021828,0.012522755384170805,0.02997694081475788,-0.03271375464684012,0.009759759759759845,-0.02583025830258301,34.65140315355162,36.81464992923254,39.553282800981094,44.25342193899211,-0.0576779026217229,0,0.0
2026-02-09,12980.0,13200.0,12950.0,12960.0,25961397300,2003176,11,13350.0,12960.0,49.84310869826262,41.188686859102745,0.9345794392523364,21.192963166575044,-99.06542056074767,-4.9853372434017595,1.9669551534225018,-112.79136194037858,0.018206651713371318,30.727351410953936,24.41405632736819,25.323825073199398,-0.909768745831208,-75.18317935648298,0.97708082026538,0.9756832040954604,1.0512142497931638,0.9797081683127439,0.9975007948788737,1.0758723618253492,0.2282099786944642,8.946905330716184,0.02520645723124335,0.019290123456790122,0.0195027387488012,0.021887724122916428,0.02493601037373932,1.278590186481993,1.320457052892018,2.3731394172138542,-0.000524221238039746,35.171931832125225,2360127027.2727275,2.2710017069992934,0.47413793103448276,0.08,0.88,0.04,-0.0174110522331567,-0.018925056775170312,-0.032835820895522394,-0.00384319754035356,-0.027027027027026973,-0.04985337243401755,0.019669551534225116,-1.0296154429157462,-0.06896551724137931,0.296,0,2,54.130003303346236,57.62783490623557,51.67601303620084,58.63428349167509,-94.78158751127017,-89.0580405694268,-97.65087718107253,-70.42060556368602,0.07959976177664227,1.1811843411430805,0.038436292032207525,1.474702508221014,-0.014179104477611948,0.02997694081475788,-0.03271375464684012,0.009090909090909038,32.95029179233939,34.65140315355162,36.81464992923254,41.7096456894675,-0.031635802469135776,0,0.0
2026-02-10,12960.0,12960.0,12700.0,12700.0,427401650,33647,13,12960.0,12700.0,45.782232565363365,35.064782784941144,0.0,7.174271577789999,-100.0,-4.367469879518072,-2.307692307692308,-137.9389059083752,0.013883931949622197,29.40512091044095,23.00594804915357,29.409026552724526,-6.403078503570956,-155.3196583925294,0.9616840829925791,0.9571902321374737,1.0270427637963382,0.9659901285996775,0.9791218575659013,1.067962735330271,0.05326469847451635,9.582803892224831,0.02534749108166411,0.02047244094488189,0.019352404328459766,0.02127957675651789,0.024007613356807886,1.240549388558513,0.02225272554056954,0.03957495647542829,-0.0006431819397728633,31.930981858358763,32877050.0,0.03168402048077831,0.5764966740576496,1.0,0.0,0.0,0.0,-0.020061728395061706,-0.03860711582134746,-0.052238805970149294,-0.055762081784386575,-0.04367469879518071,-0.023076923076923106,-0.9855660248903191,-0.08764367816091954,0.27,0,3,49.84310869826262,54.130003303346236,57.62783490623557,60.59244578175094,-112.79136194037858,-94.78158751127017,-89.0580405694268,-69.63548136579635,1.320457052892018,0.07959976177664227,1.1811843411430805,0.0015297341274021828,-0.018925056775170312,-0.014179104477611948,0.02997694081475788,0.009759759759759845,30.727351410953936,32.95029179233939,34.65140315355162,39.553282800981094,-0.025984251968503957,0,0.0
2026-02-15,12450.0,12450.0,12400.0,12410.0,12470332300,1005264,11,12780.0,12400.0,41.611923099194186,29.946427617606275,0.0,2.0202020202020248,-100.0,-8.487084870848708,-4.394757131842714,-167.39879718743623,0.0055612053905492904,28.02292178943457,20.598500596181577,35.08481933817058,-14.486318741989006,-219.3675007805879,0.9507015257226098,0.936768149882904,0.9971693257848687,0.9549924030841013,0.9600913608371506,1.048877380339681,-0.0682010023366431,11.128429879050605,0.025001366074957076,0.004032258064516129,0.0201113097949832,0.020961100248547956,0.013341051696212382,0.6633606578692517,0.7446031559327286,0.7021509232221842,0.0027059068665968855,28.76752767092877,1133666572.7272727,0.7903701676489201,0.5288461538461539,1.0,0.0,0.0,-0.025821596244131457,-0.029733959311424085,-0.023622047244094446,-0.043209876543209846,-0.07462686567164178,-0.08487084870848705,-0.04394757131842719,-1.376430275504266,-0.10919540229885058,0.24,0,1,47.20747382903823,45.782232565363365,49.84310869826262,57.62783490623557,-144.22959336588258,-137.9389059083752,-112.79136194037858,-89.0580405694268,2.347409161574109,0.02225272554056954,1.320457052892018,1.1811843411430805,0.006299212598425141,-0.020061728395061706,-0.018925056775170312,0.02997694081475788,28.17733544567889,29.40512091044095,30.727351410953936,34.65140315355162,-0.0008058017727639033,0,1.0
2026-02-17,12280.0,12750.0,12280.0,12580.0,32363648240,2573093,12,12410.0,12750.0,47.754493609829225,43.30282197075643,37.00787401574803,14.356160025451368,-62.99212598425197,-3.4090909090909087,-1.3157894736842104,-152.96412981817886,0.0035413789613744215,26.818366186877288,25.112626284065126,31.42133169886248,-6.308705414797355,-150.4986400725293,0.98092014156024,0.9638280984238575,1.0222243602078123,0.9846825496662757,0.9881282854711526,1.0421076261945994,0.18297518160980317,11.40980121361405,0.025211317710269358,0.03686274509803922,0.021209327110522987,0.022912368085934765,0.023702561876932333,1.117553694816293,1.7508294960899498,1.3380368334238153,0.011357940588788473,38.83858346702613,2696970686.6666665,1.7273334307755857,0.5811138014527846,1.0,0.0,0.0,-0.00967741935483871,0.02822580645161299,-0.0023474178403756207,0.003937007874015741,-0.0348221044663134,-0.03409090909090906,-0.013157894736842146,1.3519479945493862,-0.08405172413793104,0.275,1,0,41.611923099194186,47.20747382903823,45.782232565363365,54.130003303346236,-167.39879718743623,-144.22959336588258,-137.9389059083752,-94.78158751127017,0.7446031559327286,2.347409161574109,0.02225272554056954,0.07959976177664227,-0.029733959311424085,0.006299212598425141,-0.020061728395061706,-0.014179104477611948,28.02292178943457,28.17733544567889,29.40512091044095,32.95029179233939,-0.038155802861685184,0,0.0
2026-02-21,12330.0,12370.0,12250.0,12370.0,62093684250,5019873,12,12550.0,12250.0,40.83954341317562,32.08703084369769,0.0,19.422572178477694,-100.0,-8.921933085501859,-8.102025506376593,-161.6240055148433,-0.003390225179347314,25.424513534211332,22.319375606976628,34.79639289415314,-12.477017287176515,-158.2266740864404,0.9569564877743926,0.9314880997642765,0.9776848422934491,0.9578510407654374,0.9547506496542483,1.0216607074447708,0.0019943454378008973,13.75725347856801,0.025457762114203617,0.009795918367346938,0.021052256414534568,0.022719930034204833,0.02395704949060251,1.137980129961863,3.081715534989529,1.9922921742609183,0.0017741796470711613,41.32607498550636,5174473687.5,2.9080013923395445,0.636604774535809,0.6666666666666666,0.3333333333333333,0.0,-0.01752988047808765,-0.0239043824701195,-0.039215686274509776,-0.012096774193548376,-0.03543307086614178,-0.08921933085501854,-0.08102025506376598,-0.9452324412922944,-0.11997126436781609,0.225,0,2,44.85085011666482,47.754493609829225,41.611923099194186,45.782232565363365,-150.46785251661294,-152.96412981817886,-167.39879718743623,-137.9389059083752,3.6097380770441557e-06,1.7508294960899498,0.7446031559327286,0.02225272554056954,-0.015686274509803977,0.02822580645161299,-0.029733959311424085,-0.020061728395061706,25.699850270216956,26.818366186877288,28.02292178943457,29.40512091044095,0.032497978981406606,0,2.0
2026-06-03,17160.0,17160.0,16670.0,17151.0,800735987146,46686949,496,16661.0,17157.0,83.09705363354703,93.42566261567066,99.9407114624506,99.9802371541502,-0.05928853754940711,34.332915753210145,35.09448818897638,424.56236126824854,0.05627333086762029,37.41845513089623,75.49809286123906,12.979746642991033,62.51834621824803,155.4153124995014,1.1378603688744753,1.2467164423129327,1.2878406881694604,1.1373838479858256,1.215159366953975,1.131809072007086,1.0282776897143966,46.70203703781532,0.02226209413414539,0.028559771521827825,0.022913944709050175,6.66815496420305e-05,9.602232175381905e-05,0.004190562688924257,7.885011522006152,3.844018980040441,0.17130777295853572,99.99969068986636,1614387070.858871,0.7921250242631417,12.833117723156533,0.006122448979591836,0.0,0.9938775510204082,0.029950183062241162,0.029770121841426134,0.06064540059347179,0.09245463228271245,0.1589435287760066,0.3433291575321016,0.3509448818897638,0.6269832864776275,0.0,0.7157,12,0,81.24034545406167,79.16202703693871,76.84917288940585,71.41106676495798,396.9352297830926,363.8369440792221,325.1013016026634,230.0582670053779,2.7970369887320183,1.2558478005090101,0.0002974242707261314,0.0005504991073519754,0.029982690405539136,0.029990448901623612,0.029971143756558183,0.029986780769498456,34.861421492488766,32.37378422580884,29.995224881759782,25.76507782620694,0.10891493207393155,1,4.0
2026-06-06,17665.0,17665.0,17002.0,17623.0,207030301366,11747940,261,17151.0,17665.0,84.76066386104493,94.53136720629618,100.0,99.9802371541502,-0.0,34.28354237932345,38.22378716744914,447.11016786320397,0.06225909347616857,40.008899215226116,75.57711149885805,11.450846113090101,64.12626538576794,148.41416817419275,1.1375271261421958,1.2612451806368699,1.3157110723808672,1.1410319935189843,1.228289187642273,1.1566414920081631,1.0085415954858439,51.371447872869645,0.022758318457700544,0.03753184262666289,0.023019063719592635,0.00012666827753364258,0.00016988260207191386,0.00738008305382632,1.8622778866005523,0.8104895936826857,0.20444710266487331,99.9997249682054,793219545.4636016,0.551342054894915,5.067961165048544,0.0,0.0,1.0,0.02960890598589497,0.02960890598589505,0.060260488566112436,0.09204995054401577,0.15851259181532007,0.3428354237932345,0.3822378716744914,0.5664852399641002,0.0,0.7665,13,0,83.09705363354703,81.24034545406167,79.16202703693871,74.27683648460282,424.56236126824854,396.9352297830926,363.8369440792221,280.5088098061887,7.885011522006152,2.7970369887320183,1.2558478005090101,0.00010958033736973637,0.029770121841426134,0.029982690405539136,0.029990448901623612,0.029991894082680437,37.41845513089623,34.861421492488766,32.37378422580884,27.773354375054275,0.11155875844067409,1,4.0
2026-06-08,17607.0,18688.0,17607.0,17929.0,372153344777,20757263,766,18151.0,17799.0,80.39074420674082,84.15651822548381,84.97295469912103,94.99098489970702,-15.027045300878973,27.54568255105697,39.6,419.0131678959409,0.07259848908190059,43.68578331057265,64.50876145107631,17.22234776898263,47.28641368209368,126.81373305845418,1.0870348542497512,1.2236353636738622,1.3036886206492442,1.099679950460885,1.195090090807965,1.1993071018399157,0.8915229005038623,57.11935710173257,0.025624674668962812,0.06073374908702736,0.022000234749979933,0.015524573697013237,0.021762353570257967,0.9891873344795932,2.8853968450475067,1.1562581707012047,0.13458024165234805,83.22897998607661,485839875.68798953,0.37376529730542624,8.558659217877095,0.17761332099907493,0.8223866790009251,0.0,-0.029970800506859126,-0.01939287091620301,0.007585621285026933,0.03741912921839474,0.10033382789317513,0.2754568255105696,0.3959999999999999,-1.656490626137811,-0.019392870916202964,0.7799,0,1,86.16369272815145,84.76066386104493,83.09705363354703,79.16202703693871,462.8693156220338,447.11016786320397,424.56236126824854,363.8369440792221,0.08460523566000941,1.8622778866005523,7.885011522006152,1.2558478005090101,0.02751202943673925,0.02960890598589505,0.029770121841426134,0.029990448901623612,42.5957607003694,40.008899215226116,37.41845513089623,32.37378422580884,0.15907189469574434,1,4.0
2026-06-17,22046.0,22046.0,21002.0,22006.0,138543549373,6295634,214,21404.0,22046.0,90.66962433402009,95.8030249670856,100.0,100.0,-0.0,28.495657749023724,72.61196367052928,444.16309827478926,0.09281275001697797,54.45668367627692,71.51504949054146,8.559134235755883,62.95591525478557,133.79199927499573,1.1300077910362079,1.2747810650545421,1.4983192671923402,1.146385372700697,1.2828830790944725,1.3259371121843273,0.9554144737846836,60.33648047480734,0.024779984455662474,0.04735552934772748,0.011236319299319461,0.015985294751620284,1.1645536225777846e-05,0.0010364191258327065,0.7987272804478909,1.6776537703303434,0.04612000532943972,81.46712269306825,647399763.4252336,0.557118370298481,1.953445915107257,0.0,0.0,1.0,0.029994393571295085,0.029994393571295186,0.060872912756845254,0.0926843774781918,0.15915663284084336,0.2849565774902372,0.7261196367052929,0.2015488155791397,0.0,1.2046,7,0,89.65959471680219,88.54192074859189,87.30452324897482,84.42223127023081,432.2655049899636,420.81110599138447,410.6591367202525,400.0817444323775,1.6445935399427185,0.0024781465628382075,4.31835202013803e-06,0.004671603455380275,0.029979308021750528,0.029986122125297276,0.02996579713104297,0.029946929492039365,52.59781410000268,50.78852692732194,49.0567770989847,45.96725732456972,-0.08570389893665364,0,0.0
2026-06-20,22666.0,22666.0,21346.0,21476.0,69475970105,3235002,200,22006.0,21346.0,81.34030343953451,78.97892175102706,79.66101694915254,93.22033898305085,-20.338983050847457,20.837814888197002,62.26529836564044,369.0591432630731,0.0966602978393305,56.332889291988145,67.6680025122146,7.21764233944696,60.45036017276764,123.26584799203457,1.0738666948389402,1.2057502753692773,1.434143994883144,1.0915161916170018,1.2202614366419395,1.3354953662085953,0.8544151275459387,58.05346876527109,0.02818157294449263,0.0618382835191605,0.017383006428537226,0.02400158775829344,0.027607926944025078,1.5882135841992135,0.4761695502566659,0.7352879874655182,0.03816832607596021,82.09194879150024,347379850.525,0.3523268004088858,1.7346053772766696,1.0,0.0,0.0,0.028123015513018233,-0.03175179170824638,-0.002709773874042254,0.02718829700206915,0.0896931951605493,0.20837814888197004,0.6226529836564043,-3.2442348479769123,-0.031751791708246394,1.1346,0,1,90.66962433402009,89.65959471680219,88.54192074859189,85.93616708215956,444.16309827478926,432.2655049899636,420.81110599138447,403.13170360236904,0.7987272804478909,1.6445935399427185,0.0024781465628382075,2.158981169877195e-06,0.029994393571295186,0.029979308021750528,0.029986122125297276,0.029970029970030065,54.45668367627692,52.59781410000268,50.78852692732194,47.43629610873815,-0.04344384429130188,0,0.0
2026-06-23,19751.0,20665.0,19602.0,19670.0,298159577877,15157850,473,20208.0,19610.0,62.68872759224374,49.308035158654896,46.045197740113,58.16999536305317,-53.954802259887,6.195169500703996,36.43637375634871,-35.4652337569878,0.08882464006404349,55.13020096035699,51.682746045427095,23.959411277140088,27.723334768287007,45.97299444003175,0.9565340396368976,1.0519172949472029,1.280114681564129,0.9909091640516667,1.0865436382605989,1.338284502713634,0.612997647749439,45.94546522094365,0.03215801778620208,0.05420703722590515,0.025595606854807315,0.03043375067019298,0.02646954000178294,1.034143872889323,2.1958024281790904,2.388353003642818,-0.04565105543439796,45.69389848828881,630358515.5961945,0.6721717469598302,3.3701460634128964,0.13264346190028223,0.8598306679209784,0.007525870178739417,-0.022614806017418845,-0.029592240696753813,-0.05865975422427039,-0.08132671226459287,-0.08381610913847881,0.06195169500704001,0.36436373756348717,-1.7800030231607789,-0.11049623514469745,0.961,0,4,68.48318866197404,75.22002147790431,81.34030343953451,89.65959471680219,113.33433601352749,254.39030173387823,369.0591432630731,432.2655049899636,0.7077867564414698,0.28825782666810357,0.4761695502566659,1.6445935399427185,-0.02995391705069128,-0.024079452824885217,-0.03175179170824638,0.029979308021750528,56.55170564963969,57.03352045725111,56.332889291988145,52.59781410000268,0.05038129130655822,1,3.0
2026-06-27,19320.0,20260.0,19080.0,20120.0,371510797773,18464634,1185,19670.0,20260.0,66.05114104025535,57.351846972644196,52.44119391184029,52.49746521820725,-47.55880608815971,6.525053893474945,36.85490407997838,-101.59274831455991,0.08145732922110961,53.05239601326491,45.17978163591247,26.510868419048446,18.668913216864023,36.84982460869924,0.9822935050326784,1.0711104179498228,1.3106872115485386,1.0200265124308,1.112459231997106,1.3343132218968865,0.6701625191792018,41.78970685955514,0.033063190925950135,0.05824284304047384,0.025696238811120507,0.03072369133846835,0.027871248153700196,1.0846431012167592,2.3593209585081834,2.1029448166092135,-0.016383036351991787,29.018823671166402,313511221.7493671,0.32895613718204947,5.941338681373778,0.7966101694915254,0.0,0.2033898305084746,-0.014788373278939317,0.03314635390107079,0.00257323832145695,-0.027457757296466934,-0.08101242855846869,0.06525053893474952,0.3685490407997838,0.6623676906632867,-0.08101242855846866,1.026,1,0,62.68872759224374,68.48318866197404,75.22002147790431,90.66962433402009,-35.4652337569878,113.33433601352749,254.39030173387823,444.16309827478926,2.1958024281790904,0.7077867564414698,0.28825782666810357,0.7987272804478909,-0.029592240696753813,-0.02995391705069128,-0.024079452824885217,0.029994393571295186,55.13020096035699,56.55170564963969,57.03352045725111,54.45668367627692,0.03146123260437372,0,2.0
2026-06-28,20723.0,20723.0,19517.0,20543.0,324924131782,15816607,1166,20120.0,20723.0,68.24626092413115,62.32053701346176,61.593200237201025,53.359863963051446,-38.406799762798975,5.788963193629078,35.90634837355719,-124.13885941526064,0.07705181026227695,51.48774300261764,44.35402012402622,23.28600864844471,21.06801147558151,48.77137579296234,0.999247779502956,1.0799585172523412,1.3285336957636682,1.0364269767291687,1.1263779113745331,1.329533798338291,0.7104742195680113,37.98969651316554,0.03417246270905601,0.058196207112869755,0.025542613622973935,0.030204506351014692,0.03090732636602504,1.210029906188844,1.8354986554757227,1.4001097064598882,0.02859870282633814,40.1704490960738,278665636.1766724,0.28820646946360096,4.52639751552795,0.0,0.0,1.0,0.022852912142152022,0.022852912142152126,0.05675675675675684,0.02548495645288984,-0.029185795933664438,0.05788963193629071,0.35906348373557195,0.2773351937559937,-0.060010886328585686,1.0723,2,0,66.05114104025535,62.68872759224374,68.48318866197404,81.34030343953451,-101.59274831455991,-35.4652337569878,113.33433601352749,369.0591432630731,2.3593209585081834,2.1958024281790904,0.7077867564414698,0.4761695502566659,0.03314635390107079,-0.029592240696753813,-0.02995391705069128,-0.03175179170824638,53.05239601326491,55.13020096035699,56.55170564963969,56.332889291988145,-0.013581268558633064,0,0.0
2026-06-29,21158.0,21159.0,20800.0,21111.0,138330573418,6552486,554,20543.0,21159.0,70.20030798487274,66.59608107330915,64.11904761904762,59.38448058936299,-35.88095238095238,4.87212529738303,34.72779369627507,-119.62722609347065,0.07426388254943937,50.35666814810421,46.87024005940291,22.233053532780207,24.637186526622703,73.99538927515965,1.0154581535641098,1.0872290791001675,1.3440105493299321,1.048836391211685,1.1374316999494642,1.3235508963246307,0.7520930742475048,34.60193397242083,0.03254956445874764,0.01696677536745593,0.02535865433384999,0.029544023834806213,0.03072187282425581,1.2114946014010977,0.7325598535659754,0.5366584843238138,0.04904783058854023,53.4907109878273,249694175.84476534,0.25499661890221365,1.94317783233953,0.002785515320334262,0.0,0.9972144846796658,0.02099116923225402,0.021039424793707573,0.044373149062191475,0.0789903110657828,0.01569700460829493,0.04872125297383034,0.3472779369627508,0.2254443087789817,-0.04023405606459222,1.1159,3,0,68.24626092413115,66.05114104025535,62.68872759224374,75.22002147790431,-124.13885941526064,-101.59274831455991,-35.4652337569878,254.39030173387823,1.8354986554757227,2.3593209585081834,2.1958024281790904,0.28825782666810357,0.022852912142152126,0.03314635390107079,-0.029592240696753813,-0.024079452824885217,51.48774300261764,53.05239601326491,55.13020096035699,57.03352045725111,-0.06882667803514753,0,0.0
2026-06-30,21610.0,21744.0,20611.0,21267.0,241443446568,11353201,741,21111.0,20777.0,66.34792841056199,59.674588205150506,48.20400329037565,57.97208371554144,-51.79599670962435,-0.019248351859871997,28.44337289812067,-150.3230243936091,0.07234311673798176,49.70342603220758,47.40522071522163,19.73562130561442,27.669599409607212,70.1054343989319,0.997144434046025,1.0551279870197472,1.3080030117372132,1.0251849295521405,1.1073085489598073,1.3117487969419284,0.677863852998555,30.994486001714467,0.0346754001573661,0.054531453049044616,0.02615900468293323,0.028958988410858817,0.02780489072156933,1.0629185268547283,1.2191741612074831,0.8429162094795234,0.03448601710979515,59.05908423382322,325834610.75303644,0.39084854949060693,2.307333021952359,0.735216240070609,0.11827007943512798,0.14651368049426303,0.02131480693794603,-0.01805378326007845,0.002605800318486784,0.025518262586377016,0.028157165479018254,-0.00019248351859868507,0.28443372898120667,-1.1840676861856747,-0.05756146239680668,1.0777,0,1,70.20030798487274,68.24626092413115,66.05114104025535,68.48318866197404,-119.62722609347065,-124.13885941526064,-101.59274831455991,113.33433601352749,0.7325598535659754,1.8354986554757227,2.3593209585081834,0.7077867564414698,0.021039424793707573,0.022852912142152126,0.03314635390107079,-0.02995391705069128,50.35666814810421,51.48774300261764,53.05239601326491,56.55170564963969,-0.10335261202802459,0,0.0
2026-07-01,20633.0,21420.0,20629.0,20661.0,145835135688,7058623,590,21267.0,20629.0,64.86278403318599,56.99697376140511,43.1957612939208,51.83960406778137,-56.8042387060792,-3.6208185385909175,23.816097473140868,-186.20108437063232,0.06886638253891929,49.09684406744642,43.713401257935494,18.19865238872247,25.514748869213026,58.3095075490117,0.9937376559564526,1.037162170654882,1.287357326061045,1.0150896376679381,1.0913833956170498,1.2954700049300125,0.6350029893631718,27.52692427788529,0.03516845307197476,0.03834407872412623,0.026200994156992886,0.027056532093711234,0.021807955180118566,0.8323331187148162,0.7703140489514725,0.5957091191539429,0.05603227342964079,54.96307436475567,247178196.08135593,0.4170697998780416,1.6905444126074498,0.0050568900126422255,0.9949431099873578,0.0,-0.006930740722914761,-0.007123261298551231,-0.025048442743040744,-0.004536022776625015,0.05196328403875583,-0.0362081853859092,0.23816097473140863,-0.694180247212296,-0.06427469835797878,1.0629,0,2,66.34792841056199,70.20030798487274,68.24626092413115,62.68872759224374,-150.3230243936091,-119.62722609347065,-124.13885941526064,-35.4652337569878,1.2191741612074831,0.7325598535659754,1.8354986554757227,2.1958024281790904,-0.01805378326007845,0.021039424793707573,0.022852912142152126,-0.029592240696753813,49.70342603220758,50.35666814810421,51.48774300261764,55.13020096035699,-0.1027055805624123,0,0.0
2026-07-07,20608.0,21278.0,20512.0,20753.0,155815242456,7508262,761,20661.0,20805.0,65.84198003563628,59.51713099013896,48.1037367540435,46.501167112779996,-51.8962632459565,-5.629139072847682,21.262458471760798,-202.3451853671479,0.06507638587152433,48.335455595116414,40.42978300387649,17.978972738182204,22.450810265694283,51.887850713965136,1.0082433159356237,1.0365056234353398,1.2862601083166407,1.0200230402136956,1.0925455740545318,1.275743749536316,0.649139983311716,24.477422234277572,0.035010025884859325,0.03681807257870704,0.025830755122022507,0.024881212355577453,0.017789765213802544,0.6887048067222602,1.0421814467305626,0.7774269676442417,0.02738853893300086,51.201712431742614,204750647.11695138,0.39211308291896524,2.100759144237405,0.25718015665796345,0.6174934725848564,0.12532637075718014,-0.0010179843909060061,0.008531678704736034,0.0013476440294557523,-0.016730469303842366,0.026900296150049297,-0.056291390728476776,0.21262458471760803,-0.05696118576622817,-0.056291390728476824,1.0805,1,0,64.86278403318599,66.34792841056199,70.20030798487274,66.05114104025535,-186.20108437063232,-150.3230243936091,-119.62722609347065,-101.59274831455991,0.7703140489514725,1.2191741612074831,0.7325598535659754,2.3593209585081834,-0.007123261298551231,-0.01805378326007845,0.021039424793707573,0.03314635390107079,49.09684406744642,49.70342603220758,50.35666814810421,53.05239601326491,-0.09015564014841226,0,0.0
2026-07-08,20800.0,20800.0,20131.0,20264.0,101173488737,4992781,508,20753.0,20131.0,59.05479958555219,47.16724054547478,29.308421639709984,40.202639895891444,-70.69157836029002,-5.691932914831819,13.959807529012172,-259.0579513712389,0.06122085113557017,46.99116601507844,37.74324430806307,20.54054878270622,17.202695525356848,10.123157941923289,0.9813585266216228,0.9968037513214545,1.2341054743008617,0.9889595325290584,1.0526948857742788,1.2575480222802293,0.48529260383995987,21.732253920171605,0.03598922291472454,0.03323232824996274,0.0270461513457829,0.02495746270204567,0.021123500518683745,0.7810168718137183,0.7271096854042275,0.6663197594855172,-0.021507732674191038,49.02534956113215,199160410.8996063,0.4044116757552013,1.356113187399893,1.0,0.0,0.0,-0.0002403268445085316,-0.032396058639750036,-0.024140772698628132,-0.031092072965298145,-0.028567292380446863,-0.05691932914831821,0.1395980752901218,-1.453028900554417,-0.08686383017327406,1.0131,0,1,65.84198003563628,64.86278403318599,66.34792841056199,68.24626092413115,-202.3451853671479,-186.20108437063232,-150.3230243936091,-124.13885941526064,1.0421814467305626,0.7703140489514725,1.2191741612074831,1.8354986554757227,0.008531678704736034,-0.007123261298551231,-0.01805378326007845,0.022852912142152126,48.335455595116414,49.09684406744642,49.70342603220758,51.48774300261764,-0.04466048164232139,0,0.0
2026-07-11,19657.0,20131.0,19657.0,19658.0,75780369385,3854983,226,20264.0,19657.0,54.77821087455146,40.30527895106132,16.090351366424986,31.167503253392834,-83.90964863357502,-5.6403609831029184,8.297063522670928,-324.8714155123473,0.05521725778048369,45.007584801833666,35.934780527618756,24.347840449728057,11.586940077890699,-42.98413904039763,0.9637721306733216,0.9697175994099902,1.1960916032020716,0.9708004791314884,1.0257877713870287,1.2410522831433655,0.34682455961409697,19.769749323858747,0.035946800501646656,0.024113547336826576,0.027405742984692623,0.02491400101793621,0.015808204482497753,0.5768208689444168,0.5481452453380254,0.5543890404497258,-0.044788172797769144,47.49987919357576,335311368.960177,0.6973317508812444,0.5869367614595506,0.0,1.0,0.0,-0.023545775172619344,-0.023545775172619354,-0.05517904349915881,-0.04711813466479231,-0.0709863415095231,-0.05640360983102921,0.08297063522670922,-1.017876649874944,-0.10836432913000091,0.9657,0,2,59.05479958555219,65.84198003563628,64.86278403318599,70.20030798487274,-259.0579513712389,-202.3451853671479,-186.20108437063232,-119.62722609347065,0.7271096854042275,1.0421814467305626,0.7703140489514725,0.7325598535659754,-0.032396058639750036,0.008531678704736034,-0.007123261298551231,0.021039424793707573,46.99116601507844,48.335455595116414,49.09684406744642,50.35666814810421,-0.04176416726014853,0,0.0
2026-07-13,18497.0,18950.0,18497.0,18539.0,160133747002,8637651,365,19069.0,18710.0,47.20815752331447,29.62482628677202,5.109138882225953,7.066496749550322,-94.89086111777405,-4.589495155532891,1.321347341059244,-460.1492390241315,0.039295674442731514,39.471311712337645,31.77060607527879,33.114522350608574,-1.3439162753297857,-157.52885572257858,0.9266045958795562,0.9195662163855789,1.1230802291059656,0.9421859231064937,0.9784104256467404,1.21203826756321,0.0190542318899151,16.724085946424296,0.03683189648416943,0.0242116515232496,0.027239029595567846,0.0239676863149237,0.016408621217246164,0.6023937512045607,1.3429035531479674,1.7163406885152934,-0.024010608903454855,34.48960940532348,438722594.5260274,0.9495725547214553,0.9934676102340774,0.47019867549668876,0.5298013245033113,0.0,-0.02999632912056217,-0.018826367402590583,-0.04817622221091722,-0.07058765088669217,-0.09302438314993455,-0.04589495155532897,0.013213473410592425,-0.7281915832761436,-0.15131996734101424,0.871,0,4,49.94619490862224,54.77821087455146,59.05479958555219,64.86278403318599,-399.4737363985787,-324.8714155123473,-259.0579513712389,-186.20108437063232,0.028202118681917247,0.5481452453380254,0.7271096854042275,0.7703140489514725,-0.02991300808872155,-0.023545775172619354,-0.032396058639750036,-0.007123261298551231,42.34824154549905,45.007584801833666,46.99116601507844,49.09684406744642,0.07648740493014716,1,3.0
2026-07-14,18069.0,19095.0,18069.0,18882.0,152217906806,8061624,454,18539.0,19095.0,50.35151607147047,38.154502388704834,27.918367346938776,11.00916874305492,-72.08163265306122,-5.750246791707799,0.3996003996003996,-460.3858565873513,0.03246341906852311,37.279591549496274,28.50593487640133,33.99832784703911,-5.492392970637777,-150.44645123003485,0.951159373365545,0.9383131002660888,1.1384747836331506,0.9672919072953056,0.9986511539147567,1.1969337794620223,0.1285529580644841,16.607185619914063,0.037349426483539186,0.05373134328358209,0.02679203510172484,0.02202942806913134,0.021574608574840174,0.8052620300370996,1.1797160130730981,1.5674123544840952,-0.02230482919586585,36.77888307873798,335281733.0528634,0.7040581231707599,1.165596919127086,1.0,0.0,0.0,-0.03425975414216996,0.020577231427044262,0.0013634695054800527,-0.028590324057587657,-0.0821917808219178,-0.057502467917078026,0.003996003996004083,0.747865982136324,-0.13385648190147872,0.9095,1,0,47.20815752331447,49.94619490862224,54.77821087455146,65.84198003563628,-460.1492390241315,-399.4737363985787,-324.8714155123473,-202.3451853671479,1.3429035531479674,0.028202118681917247,0.5481452453380254,1.0421814467305626,-0.018826367402590583,-0.02991300808872155,-0.023545775172619354,0.008531678704736034,39.471311712337645,42.34824154549905,45.007584801833666,48.335455595116414,0.08849698125198602,1,4.0
2026-07-15,19387.0,19448.0,19050.0,19359.0,108468512306,5602958,341,18882.0,19349.0,52.36661431365062,43.43172897649446,34.82993197278912,22.619146067317956,-65.17006802721089,-6.6303141437050614,-1.2251773954770533,-430.0389494720896,0.02804931298055136,34.79826749822988,30.98328171577006,32.59894085453755,-1.6156591387674908,-97.37423800891837,0.9704535537488528,0.9513554442715364,1.1449640870998778,0.9831598357536125,1.0110412785713723,1.1798236841700385,0.21147475861736412,16.859722738764578,0.03569558738045285,0.020569538477440693,0.026078132426027623,0.020828975924186297,0.02296183086922891,0.8805013524017369,0.7876318244159684,1.064127949439888,0.0023586096728986927,40.29428187877576,318089478.9032258,0.6463752407149799,0.8390748031496064,0.09547738693467336,0.15326633165829145,0.7512562814070352,0.015291961246399581,0.013301911495155805,0.03415285943345814,0.014683517751324038,-0.03884556157170538,-0.06630314143705063,-0.012251773954770506,0.5213156147281838,-0.12233511748162933,0.9349,2,0,50.35151607147047,47.20815752331447,49.94619490862224,59.05479958555219,-460.3858565873513,-460.1492390241315,-399.4737363985787,-259.0579513712389,1.1797160130730981,1.3429035531479674,0.028202118681917247,0.7271096854042275,0.020577231427044262,-0.018826367402590583,-0.02991300808872155,-0.032396058639750036,37.279591549496274,39.471311712337645,42.34824154549905,46.99116601507844,0.09349656490521197,1,4.0
2026-07-18,19346.0,19346.0,18779.0,18837.0,88955707474,4722497,390,19359.0,18796.0,47.816291372316535,35.69520701153378,19.782312925170068,27.51020408163266,-80.21768707482993,-11.167824566378373,-6.839809674861222,-432.6344255536317,0.02298212781393585,32.80965789226234,29.13378464479107,33.49105369752718,-4.3572690527361075,-110.46809180740924,0.9540245053751434,0.927311433272404,1.105182882013084,0.9617098330559797,0.9834460946537704,1.1584428657610861,0.09994883537795558,18.169817552279813,0.03628720762364701,0.030165992764417962,0.025787085138427448,0.019360758654332382,0.02392175044398204,0.9276639959719325,0.6425340956733673,0.868296389083519,0.00032077928699325575,40.50903251400567,228091557.62564102,0.45300100469951354,0.9163533834586466,0.9700176366843033,0.0,0.029982363315696647,-0.00015504677244302032,-0.028580288386996777,-0.015658549358470775,0.0045964724746125896,-0.04380119041562802,-0.1116782456637837,-0.06839809674861219,-0.9834363920341688,-0.14741903293114397,0.8796,0,1,52.36661431365062,50.35151607147047,47.20815752331447,54.77821087455146,-430.0389494720896,-460.3858565873513,-460.1492390241315,-324.8714155123473,0.7876318244159684,1.1797160130730981,1.3429035531479674,0.5481452453380254,0.013301911495155805,0.020577231427044262,-0.018826367402590583,-0.023545775172619354,34.79826749822988,37.279591549496274,39.471311712337645,45.007584801833666,0.12852365026278068,1,4.0
2026-07-19,18299.0,19402.0,18299.0,19394.0,88582136137,4567479,205,18837.0,19402.0,52.66982467016848,47.623300959426615,36.27210884353742,30.294784580498874,-63.72789115646258,-6.617894787505414,-6.635869303690871,-380.7907563444404,0.020029793552923385,31.49187291681921,25.91057454419869,34.60034727293856,-8.689772728739875,-93.40077574860815,0.991704277689465,0.9604760301776202,1.1325680142058423,0.9938298923797146,1.0140150871854448,1.142042078153147,0.2856991676779273,18.443218065984578,0.03670353059486835,0.05684980929801051,0.02594435114855151,0.02357316619264622,0.0261775948566455,1.0089901538395964,0.6027834748648165,0.7228806000871925,0.011570217150706608,48.623013934604096,432107981.15609753,0.8323307043094083,0.47050722974523757,1.0,0.0,0.0,-0.026441796126835497,0.032240902319642384,0.0027391596464934054,0.016077507200837893,0.01746289789711053,-0.06617894787505418,-0.06635869303690867,1.3624736084133062,-0.11993105325229067,0.9402,1,0,47.816291372316535,52.36661431365062,50.35151607147047,49.94619490862224,-432.6344255536317,-430.0389494720896,-460.3858565873513,-399.4737363985787,0.6425340956733673,0.7876318244159684,1.1797160130730981,0.028202118681917247,-0.028580288386996777,0.013301911495155805,0.020577231427044262,-0.02991300808872155,32.80965789226234,34.79826749822988,37.279591549496274,42.34824154549905,0.12519335877075388,1,4.0
2026-07-20,19975.0,19975.0,18960.0,19957.0,187779533824,9409363,191,19394.0,19975.0,56.76459274135982,56.520291312443085,51.863945578231295,35.97278911564627,-48.136054421768705,-3.1702942459644188,-6.676322182769575,-298.78150008229557,0.019821373504650335,29.510204319419305,28.928381266162667,31.181611905959677,-2.2532306397970103,-39.399645701691966,1.0244167619711881,0.9923518116941022,1.1565442746571186,1.0195447436984175,1.040573460898257,1.1289782807064679,0.45676681227828514,17.690549110391597,0.03673371967753,0.05081351689612015,0.025914571778976762,0.026183634591053995,0.02464305346052897,0.9509342338629994,1.2672089808399305,1.45368093686794,0.055569663604736697,62.52556202856699,983138920.5445026,1.9649813603889412,0.43862670800321507,0.0,0.0,1.0,0.029533037831151427,0.029533037831151354,0.06272611193871036,0.03235309318311019,0.06761090326028851,-0.03170294245964422,-0.06676322182769578,1.260408353528947,-0.09393994375396897,0.9975,2,0,52.66982467016848,47.816291372316535,52.36661431365062,47.20815752331447,-380.7907563444404,-432.6344255536317,-430.0389494720896,-460.1492390241315,0.6027834748648165,0.6425340956733673,0.7876318244159684,1.3429035531479674,0.032240902319642384,-0.028580288386996777,0.013301911495155805,-0.018826367402590583,31.49187291681921,32.80965789226234,34.79826749822988,39.471311712337645,0.06619231347396903,1,3.0
2026-07-21,20550.0,20555.0,19989.0,20553.0,56229657155,2735808,84,19957.0,20555.0,60.490646944606475,63.78493649892512,67.64625850340136,51.927437641723365,-32.35374149659864,-1.201634222542658,-6.763131633856482,-201.0363918643327,0.02157226689405352,27.815336292659584,33.002116020950325,29.394321586777295,3.60779443417303,29.725183984413675,1.0555153307760643,1.0249621030796234,1.1793981999474419,1.0412751369437907,1.065202422287837,1.1173671907543903,0.6599402568287119,15.607142050769951,0.035162903211810134,0.02753587934809049,0.02585092380734444,0.02792402176765043,0.025532058058609853,0.9876652087518825,0.3774947604092965,0.5059171121644804,0.04183879310561722,56.669014365989256,669400680.4166666,1.334983462223682,0.19582701946613826,0.0088339222614841,0.0,0.991166077738516,0.028785982478097622,0.029036295369211595,0.059426863209978364,0.09358374122153656,0.07645980623199788,-0.01201634222542658,-0.06763131633856478,1.2461490907090895,-0.06763131633856483,1.0555,3,0,56.76459274135982,52.66982467016848,47.816291372316535,50.35151607147047,-298.78150008229557,-380.7907563444404,-432.6344255536317,-460.3858565873513,1.2672089808399305,0.6027834748648165,0.6425340956733673,1.1797160130730981,0.029533037831151354,0.032240902319642384,-0.028580288386996777,0.020577231427044262,29.510204319419305,31.49187291681921,32.80965789226234,37.279591549496274,0.02943609205468789,0,2.0
