timestamps,open,high,low,close,volume,amount
2025/02/26 12:00,54776.0,54776.0,54776.0,54776.0,99988036,5476944659936
2025/03/01 12:00,56410.0,56410.0,56410.0,56410.0,802448,45266091680
2025/03/02 12:00,58100.0,58100.0,58100.0,58100.0,811415,47143211500
2025/03/03 12:00,59840.0,59840.0,59840.0,59840.0,716118,42852501120
2025/03/04 12:00,61440.0,61440.0,61440.0,61440.0,802114,49281884160
2025/03/05 12:00,63280.0,63280.0,63280.0,63280.0,1257983,79605164240
2025/03/08 12:00,65170.0,65170.0,65170.0,65170.0,5865723,382269167910
2025/03/09 12:00,67120.0,67120.0,67120.0,67120.0,8562136,574690568320
2025/03/10 12:00,69130.0,69130.0,68360.0,69130.0,32199357,2225857459950
2025/03/11 12:00,69130.0,69830.0,67060.0,67060.0,28670543,1934366573270
2025/03/12 12:00,66500.0,69420.0,65620.0,66560.0,13557904,909245168760
2025/03/15 12:00,67800.0,69070.0,67800.0,69070.0,6939454,479121417380
2025/03/16 12:00,68890.0,68890.0,66970.0,67130.0,9975505,671320033140
2025/03/17 12:00,66350.0,67290.0,65430.0,66760.0,6538566,432509141770
2025/03/18 12:00,64170.0,64280.0,64170.0,64170.0,5573112,357628022330
2025/03/25 12:00,64600.0,66090.0,64600.0,66090.0,989099,65228955030
2025/03/26 12:00,67920.0,67920.0,66680.0,67010.0,4724211,319344975070
2025/03/29 12:00,66900.0,69170.0,66900.0,69000.0,3915103,266826322790
2025/03/30 12:00,69190.0,70190.0,68200.0,70190.0,1229275,86113633210
2025/04/05 12:00,70010.0,71950.0,70010.0,70720.0,4869109,344948754450
2025/04/06 12:00,70700.0,70700.0,69200.0,69700.0,3611761,252584091630
2025/04/07 12:00,69440.0,72020.0,69000.0,72020.0,4414569,313688906870
2025/04/08 12:00,73190.0,73190.0,73190.0,73190.0,1703478,124677554820
2025/04/09 12:00,75380.0,75380.0,73600.0,75380.0,7114908,535560859020
2025/04/12 12:00,76500.0,77520.0,75380.0,77520.0,1666182,128962710680
2025/04/13 12:00,79720.0,79720.0,79720.0,79720.0,1273806,101547814320
2025/04/14 12:00,82110.0,82110.0,82110.0,82110.0,1679927,137938805970
2025/04/15 12:00,84570.0,84570.0,82950.0,84570.0,13463616,1138043512060
2025/04/16 12:00,86880.0,87000.0,82000.0,82000.0,4528696,376138595920
2025/04/19 12:00,80640.0,84500.0,80570.0,82210.0,7436344,606425808150
2025/04/20 12:00,83980.0,83990.0,82350.0,83990.0,4240396,355975800220
2025/04/21 12:00,85000.0,86340.0,81440.0,81440.0,5628228,465984171420
2025/04/22 12:00,80310.0,80310.0,80310.0,80310.0,506392,40668341520
2025/04/23 12:00,78790.0,78790.0,78790.0,78790.0,238125,18761868750
2025/04/26 12:00,78090.0,79900.0,78090.0,78090.0,10208805,797690826920
2025/04/27 12:00,75800.0,78250.0,75800.0,75820.0,4317024,327331839730
2025/04/28 12:00,76090.0,78090.0,76090.0,78090.0,1016132,79276795610
2025/04/29 12:00,80360.0,80360.0,80360.0,80360.0,798645,64179112200
2025/04/30 12:00,82770.0,82770.0,79530.0,81600.0,3688663,301538126770
2025/05/03 12:00,81900.0,84000.0,79350.0,83000.0,3132097,257542305870
2025/05/04 12:00,83800.0,84690.0,83750.0,84690.0,3078102,260518070340
2025/05/05 12:00,87170.0,87170.0,86000.0,87170.0,5394969,470051746200
2025/05/06 12:00,89250.0,89250.0,84520.0,84520.0,2298621,195727284030
2025/05/07 12:00,85160.0,87000.0,83450.0,84100.0,2593476,220749527460
2025/05/10 12:00,83000.0,84000.0,82570.0,82570.0,661138,54627931930
2025/05/11 12:00,82060.0,84800.0,80570.0,80680.0,1501298,121603975870
2025/05/12 12:00,83430.0,83430.0,82050.0,82700.0,2060250,171481305010
2025/05/13 12:00,82800.0,83650.0,81740.0,82410.0,1303844,107365583750
2025/05/14 12:00,81870.0,83290.0,81600.0,82370.0,1934641,159573363760
2025/05/17 12:00,82300.0,82570.0,80020.0,82000.0,1693606,137006362280
2025/05/18 12:00,82000.0,83320.0,81090.0,83320.0,1230195,101702183490
2025/05/19 12:00,83240.0,84050.0,80560.0,81120.0,1413974,116322404900
2025/05/20 12:00,79810.0,84730.0,79810.0,84730.0,4459339,368187690990
2025/05/21 12:00,85040.0,85040.0,85040.0,85040.0,3300422,280667886880
2025/05/24 12:00,87590.0,87590.0,87590.0,87590.0,1749148,153207873320
2025/05/25 12:00,90210.0,90210.0,85070.0,88470.0,9258774,825582791760
2025/05/26 12:00,90190.0,91840.0,88600.0,91500.0,3353590,305063423310
2025/05/27 12:00,92000.0,92990.0,88930.0,89760.0,2965810,267433080520
2025/05/28 12:00,88870.0,90170.0,88350.0,89600.0,1294689,115841255510
2025/05/31 12:00,92150.0,92150.0,92150.0,92150.0,2109612,194400745800
2025/06/01 12:00,94910.0,94910.0,94910.0,94910.0,1215423,115355796930
2025/06/02 12:00,97750.0,97750.0,97750.0,97750.0,1693594,165548813500
2025/06/03 12:00,100680.0,100680.0,100680.0,100680.0,1284708,129344401440
2025/06/07 12:00,103700.0,103700.0,97660.0,103700.0,24744539,2542258230270
2025/06/08 12:00,105370.0,105820.0,103820.0,105820.0,3082729,325220169590
2025/06/09 12:00,108660.0,108660.0,108660.0,108660.0,1731892,188187384720
2025/06/10 12:00,111910.0,111910.0,111910.0,111910.0,1423957,159355027870
2025/06/11 12:00,115260.0,115260.0,112390.0,112960.0,10718113,1227105721340
2025/06/28 12:00,111060.0,111060.0,111060.0,111060.0,1288021,143047612260
2025/06/29 12:00,107730.0,107730.0,107730.0,107730.0,1455390,156789164700
2025/06/30 12:00,104500.0,104500.0,104500.0,104500.0,1679101,175466054500
2025/07/01 12:00,101370.0,101370.0,101370.0,101370.0,892433,90465933210
2025/07/02 12:00,98330.0,104410.0,98330.0,104410.0,13500143,1343151591370
2025/07/07 12:00,102470.0,102470.0,102470.0,102470.0,470883,48251381010
2025/07/08 12:00,104270.0,104270.0,104270.0,104270.0,4634249,483213143230
2025/07/09 12:00,107390.0,107390.0,104550.0,107390.0,10759688,1154018052020
2025/07/12 12:00,110460.0,110460.0,110460.0,110460.0,358034,39548435640
2025/07/13 12:00,111950.0,111950.0,111950.0,111950.0,1769905,198140864750
2025/07/14 12:00,115300.0,115300.0,115250.0,115300.0,7130713,822171046790
2025/07/15 12:00,116500.0,118750.0,112900.0,118750.0,6892741,809554524550
2025/07/16 12:00,120970.0,120970.0,120000.0,120970.0,5243843,634328329520
2025/07/19 12:00,124500.0,124590.0,122010.0,124590.0,3718861,463105381900
2025/07/20 12:00,128220.0,128260.0,126610.0,128260.0,2698956,345666160760
2025/07/26 12:00,107000.0,107400.0,103790.0,103790.0,1705982,179413648050
2025/07/27 12:00,102020.0,108320.0,102020.0,107010.0,19228507,2044053010590
2025/07/28 12:00,106310.0,109000.0,103120.0,103120.0,4990236,519643839580
2025/07/29 12:00,101010.0,101010.0,101010.0,101010.0,193644,19559980440
2025/07/30 12:00,100270.0,100270.0,100270.0,100270.0,862647,86497614690
2025/08/02 12:00,97270.0,97270.0,97270.0,97270.0,1809014,175962791780
2025/08/03 12:00,94360.0,100180.0,94360.0,100180.0,19724684,1912314506930
2025/08/04 12:00,99850.0,99850.0,99850.0,99850.0,141860,14164721000
2025/08/05 12:00,100380.0,100380.0,100380.0,100380.0,5744344,576617250720
2025/08/06 12:00,103390.0,103390.0,102500.0,103390.0,9352755,966931377760
2025/08/09 12:00,106480.0,106480.0,105000.0,106480.0,2066431,220029018280
2025/08/10 12:00,109670.0,109670.0,109670.0,109670.0,798022,87519072740
2025/08/11 12:00,112940.0,112940.0,112940.0,112940.0,342752,38710410880
2025/08/12 12:00,114400.0,114400.0,107740.0,107740.0,15428489,1735236717440
2025/08/13 12:00,109100.0,109100.0,109100.0,109100.0,491742,53649052200
2025/08/16 12:00,107090.0,107090.0,107090.0,107090.0,849962,91022430580
2025/08/17 12:00,107090.0,110300.0,107090.0,110300.0,3182688,346633619180
2025/08/18 12:00,112170.0,112170.0,107000.0,108000.0,12047497,1336942512570
2025/08/19 12:00,107650.0,108990.0,107650.0,107650.0,2394451,257783307080
2025/08/20 12:00,104460.0,106000.0,104440.0,104440.0,1587197,165832637180
2025/08/23 12:00,101450.0,104480.0,101350.0,101900.0,10618167,1080234983080
2025/08/25 12:00,101500.0,104560.0,98680.0,98680.0,5903530,587641574600
2025/08/26 12:00,98000.0,99390.0,96560.0,98500.0,5138864,500769352720
2025/08/27 12:00,99900.0,100370.0,97500.0,99930.0,4209846,421740602250
2025/08/30 12:00,97180.0,97180.0,97180.0,97180.0,811713,78882269340
2025/08/31 12:00,97180.0,100090.0,97180.0,99590.0,4452009,439843120170
2025/09/02 12:00,99600.0,101760.0,99000.0,101760.0,1704448,172731831500
2025/09/03 12:00,104000.0,104000.0,100000.0,101990.0,4559227,465894967250
2025/09/06 12:00,102520.0,102520.0,99130.0,99130.0,3679716,366186915940
2025/09/07 12:00,98000.0,100540.0,96560.0,98790.0,3711974,365793535890
2025/09/08 12:00,100000.0,101460.0,99100.0,101160.0,3233248,325595973610
2025/09/09 12:00,100130.0,102700.0,97680.0,97860.0,6397087,627921827170
2025/09/13 12:00,98870.0,99200.0,95310.0,98190.0,1833068,177727389870
2025/09/14 12:00,98990.0,99860.0,97330.0,99860.0,1574373,157102820560
2025/09/15 12:00,102780.0,102780.0,99800.0,100270.0,4353490,441884021560
2025/09/16 12:00,98980.0,100000.0,98460.0,98460.0,2193443,216087658080
2025/09/17 12:00,95660.0,97900.0,95570.0,95570.0,2017993,193297428280
2025/09/20 12:00,92920.0,92920.0,92920.0,92920.0,196255,18236014600
2025/09/21 12:00,92240.0,92240.0,92240.0,92240.0,671403,61930212720
2025/09/22 12:00,92500.0,95480.0,92500.0,93500.0,3311058,311542374130
2025/09/23 12:00,94700.0,94700.0,91270.0,91270.0,2596209,237535438810
2025/09/24 12:00,88750.0,90000.0,88750.0,89530.0,4801736,426481723220
2025/09/27 12:00,87020.0,91480.0,87020.0,91480.0,1592511,143792210710
2025/09/28 12:00,92990.0,92990.0,92990.0,92990.0,334988,31150534120
2025/09/29 12:00,94160.0,94160.0,94160.0,94160.0,371030,34936184800
2025/09/30 12:00,95470.0,95470.0,95470.0,95470.0,1153179,110093999130
2025/10/01 12:00,95400.0,98320.0,92610.0,96240.0,7113290,678581469200
2025/10/04 12:00,98260.0,98260.0,98260.0,98260.0,961438,94470897880
2025/10/05 12:00,101200.0,101200.0,101200.0,101200.0,515414,52159896800
2025/10/06 12:00,103150.0,103150.0,103150.0,103150.0,831151,85733225650
2025/10/07 12:00,106240.0,106240.0,106240.0,106240.0,822502,87382612480
2025/10/08 12:00,109420.0,109420.0,108000.0,109310.0,13726506,1501394196080
2025/10/11 12:00,110100.0,112660.0,107550.0,109200.0,5464884,602769207340
2025/10/12 12:00,112010.0,113600.0,109240.0,113600.0,3186571,360918659630
2025/10/13 12:00,115000.0,116100.0,111110.0,112100.0,4236331,480482379030
2025/10/14 12:00,111650.0,113450.0,110020.0,110020.0,5396813,595017552900
2025/10/15 12:00,107000.0,113550.0,106950.0,113550.0,4495406,497277157430
2025/10/18 12:00,0.0,113930.0,113930.0,113930.0,261612,29805455160
2025/10/19 12:00,115050.0,115050.0,115050.0,115050.0,513628,59092901400
2025/10/20 12:00,117260.0,117260.0,113850.0,117230.0,8909289,1039437173240
2025/10/21 12:00,114600.0,118730.0,113900.0,115800.0,2444326,282811570570
2025/10/22 12:00,117950.0,119170.0,115920.0,119170.0,2494989,294033541840
2025/10/25 12:00,114320.0,114320.0,114320.0,114320.0,790036,90316915520
2025/10/26 12:00,110930.0,113000.0,110930.0,110930.0,17349950,1926931952870
2025/10/27 12:00,111500.0,113790.0,108970.0,112360.0,3305318,369075967480
2025/10/28 12:00,112360.0,113780.0,109540.0,111510.0,2275893,253519830920
2025/10/29 12:00,112000.0,113100.0,109330.0,109930.0,2298164,253977508220
2025/11/01 12:00,111990.0,112030.0,107200.0,107200.0,2563759,277111924470
2025/11/02 12:00,105610.0,110000.0,105610.0,109760.0,1244690,135592300630
2025/11/03 12:00,109000.0,109800.0,106660.0,107030.0,2571626,277203092240
2025/11/04 12:00,106560.0,110220.0,106000.0,108340.0,3376896,366241994730
2025/11/05 12:00,106500.0,108970.0,106500.0,108480.0,1452702,156273970650
2025/11/08 12:00,109950.0,109950.0,106000.0,106020.0,1650405,176705993370
2025/11/09 12:00,107860.0,107860.0,103860.0,104010.0,2925428,305630894290
2025/11/10 12:00,104290.0,107000.0,103720.0,105140.0,1414423,148641361470
2025/11/11 12:00,105540.0,106980.0,104940.0,105950.0,759508,80000845520
2025/11/12 12:00,106050.0,106800.0,105000.0,106340.0,1070824,113409166980
2025/11/15 12:00,106340.0,106340.0,104640.0,105150.0,1760724,185186453040
2025/11/16 12:00,105640.0,107360.0,104500.0,106700.0,2865720,302039236450
2025/11/17 12:00,105700.0,107900.0,105540.0,106000.0,1309220,138979121420
2025/11/18 12:00,106930.0,107320.0,105310.0,105660.0,1213125,128547484860
2025/11/19 12:00,107000.0,107000.0,105210.0,105950.0,1242346,131588980470
2025/11/22 12:00,105150.0,105920.0,104700.0,105200.0,2343205,246220746940
2025/11/23 12:00,106130.0,106130.0,104720.0,106040.0,1367627,144327732770
2025/11/25 12:00,107480.0,108690.0,106140.0,108690.0,6561809,712471225740
2025/11/26 12:00,111830.0,111830.0,109800.0,111830.0,5559373,621159852900
2025/11/29 12:00,111980.0,114980.0,111980.0,113000.0,2959692,335792843210
2025/11/30 12:00,114100.0,115010.0,111750.0,112950.0,2682323,303449418810
2025/12/01 12:00,113820.0,114440.0,110460.0,111250.0,3207563,360538189170
2025/12/02 12:00,112780.0,112780.0,109480.0,109500.0,1867658,206697454940
2025/12/03 12:00,111270.0,111270.0,107350.0,109930.0,4372403,473856011910
2025/12/06 12:00,111570.0,111620.0,110030.0,111620.0,1262388,140823434560
2025/12/07 12:00,114890.0,114890.0,114890.0,114890.0,841356,96663390840
2025/12/08 12:00,118330.0,118330.0,118330.0,118330.0,1088427,128793566910
2025/12/09 12:00,121870.0,121870.0,121870.0,121870.0,891542,108652223540
2025/12/10 12:00,124600.0,124600.0,119570.0,121780.0,7503599,919402702510
2025/12/13 12:00,122000.0,124840.0,121240.0,122820.0,2901069,358589608140
2025/12/14 12:00,122480.0,127310.0,120050.0,127310.0,3594647,449263016550
2025/12/15 12:00,128710.0,128720.0,128330.0,128720.0,1069860,137704939520
2025/12/16 12:00,132530.0,132530.0,124850.0,125920.0,4007039,516333409320
2025/12/17 12:00,130590.0,130590.0,126110.0,129440.0,2292544,294670810060
2025/12/20 12:00,132380.0,132380.0,132150.0,132380.0,1283647,169927343190
2025/12/21 12:00,136350.0,136350.0,133100.0,136350.0,3029608,412320837470
2025/12/22 12:00,140000.0,140180.0,136150.0,138110.0,3311487,459244702420
2025/12/23 12:00,141900.0,141900.0,135500.0,138000.0,3689428,508516445630
2025/12/24 12:00,140200.0,141800.0,137840.0,141790.0,2923205,409956948050
2025/12/27 12:00,144350.0,144440.0,142110.0,144440.0,2368923,340779867470
2025/12/28 12:00,147400.0,147400.0,139810.0,143510.0,2151681,310358459790
2025/12/29 12:00,143500.0,143500.0,139920.0,139920.0,7148995,1001125524330
2025/12/30 12:00,135840.0,136000.0,135840.0,135840.0,1398070,189914911300
2025/12/31 12:00,131770.0,139910.0,131770.0,139910.0,4301533,585885640470
2026/01/04 12:00,140200.0,140280.0,132970.0,140250.0,2974636,407838358760
2026/01/05 12:00,138970.0,141220.0,137900.0,141220.0,2314069,325371835550
2026/01/06 12:00,144820.0,144820.0,144820.0,144820.0,793368,114895553760
2026/01/07 12:00,149160.0,149160.0,140480.0,140480.0,6223097,886113754340
2026/01/10 12:00,138120.0,139000.0,138120.0,138120.0,5153082,711747582510
2026/01/11 12:00,135180.0,142000.0,133980.0,137140.0,3634527,492631528140
2026/01/12 12:00,137500.0,139600.0,137130.0,138400.0,1293355,179649277060
2026/01/13 12:00,141600.0,141600.0,134740.0,134740.0,2865038,388773302720
2026/01/14 12:00,131630.0,131630.0,131630.0,131630.0,2322013,305646571190
2026/01/18 12:00,131620.0,135570.0,131500.0,135570.0,1299642,175190272340
2026/01/19 12:00,138580.0,138840.0,134840.0,138840.0,2111614,291862658810
2026/01/20 12:00,139700.0,141850.0,135000.0,137760.0,1472896,203670324980
2026/01/21 12:00,138100.0,138100.0,135000.0,137350.0,1085316,148305620520
2026/01/24 12:00,136490.0,136540.0,132560.0,132560.0,2440651,324858857680
2026/01/25 12:00,129110.0,129110.0,129110.0,129110.0,309741,39990660510
2026/01/26 12:00,125240.0,125240.0,125240.0,125240.0,300482,37632365680
2026/01/27 12:00,121490.0,121490.0,121490.0,121490.0,142820,17351201800
2026/01/28 12:00,117850.0,117850.0,117850.0,117850.0,1586262,186940976700
2026/01/31 12:00,118060.0,120040.0,114320.0,114320.0,1517543,176137169760
2026/02/01 12:00,115670.0,118140.0,112590.0,117650.0,2272603,259601772230
2026/02/02 12:00,117650.0,117650.0,117600.0,117650.0,620706,73025610400
2026/02/03 12:00,120000.0,120550.0,114130.0,117980.0,1530413,177995562720
2026/02/07 12:00,119770.0,119790.0,118300.0,119790.0,458975,54974801530
2026/02/08 12:00,123370.0,123370.0,120750.0,122000.0,1906867,234263532650
2026/02/09 12:00,123300.0,123360.0,119530.0,119850.0,1306421,157115288050
2026/02/10 12:00,120730.0,123860.0,120400.0,123860.0,2038278,251939996860
2026/02/14 12:00,125390.0,125490.0,121100.0,121150.0,2142912,263631498260
2026/02/15 12:00,122420.0,122420.0,119330.0,119330.0,1408878,169047412970
2026/02/16 12:00,120440.0,122070.0,119540.0,121300.0,583512,70143854600
2026/02/17 12:00,121410.0,123660.0,121410.0,123660.0,580213,71185874540
2026/02/18 12:00,126000.0,126000.0,122260.0,124210.0,669266,82643937560
2026/02/21 12:00,121000.0,121000.0,119780.0,119780.0,136865,16403375720
2026/02/22 12:00,116260.0,116260.0,116260.0,116260.0,134321,15616159460
2026/02/23 12:00,112790.0,119000.0,112780.0,115060.0,1319144,150649021670
2026/02/24 12:00,112810.0,112840.0,110780.0,110780.0,281458,31188279630
2026/02/25 12:00,107500.0,113850.0,107490.0,110810.0,747946,82656341670
2026/05/24 12:00,142000.0,146260.0,142000.0,146260.0,24939950,3580379813450
2026/05/25 12:00,147500.0,147500.0,139260.0,139260.0,8938107,1281403096360
2026/05/26 12:00,139060.0,146990.0,139060.0,143930.0,14900768,2089922069770
2026/05/30 12:00,144460.0,144460.0,144320.0,144460.0,1717000,248036076400
2026/05/31 12:00,148790.0,148790.0,148790.0,148790.0,230531,34300707490
2026/06/01 12:00,153250.0,153250.0,144330.0,144330.0,11624268,1713591664200
2026/06/02 12:00,143000.0,145000.0,143000.0,143000.0,4462163,638640153410
2026/06/03 12:00,138830.0,142000.0,138830.0,138830.0,7110668,988078207890
2026/06/06 12:00,135000.0,143120.0,135000.0,143120.0,2566011,365563167800
2026/06/07 12:00,146730.0,146730.0,146730.0,146730.0,2021408,296601195840
2026/06/08 12:00,142330.0,146720.0,142330.0,142330.0,7395499,1052858016900
2026/06/09 12:00,146630.0,146630.0,146630.0,146630.0,300302,44033282260
2026/06/10 12:00,151020.0,151020.0,146670.0,151020.0,4390708,662038093370
2026/06/13 12:00,155300.0,155300.0,155300.0,155300.0,720703,111925175900
2026/06/14 12:00,159950.0,159950.0,159950.0,159950.0,986565,157801071750
2026/06/15 12:00,164740.0,164740.0,164740.0,164740.0,975759,160746537660
2026/06/16 12:00,169680.0,169680.0,169680.0,169680.0,3238143,549448104240
2026/06/17 12:00,174770.0,174770.0,164590.0,169780.0,9401684,1585730737530
2026/06/20 12:00,172000.0,172000.0,163610.0,163610.0,6441031,1062378038060
2026/06/21 12:00,160000.0,163610.0,160000.0,160000.0,1375612,220100739720
2026/06/22 12:00,155200.0,155200.0,155200.0,155200.0,190231,29523851200
2026/06/23 12:00,150550.0,158370.0,150550.0,150580.0,5465917,826911103310
2026/06/27 12:00,146900.0,151200.0,146800.0,146800.0,2097619,309069672400
2026/06/28 12:00,142900.0,143700.0,142900.0,142900.0,2313222,330630415800
2026/06/29 12:00,139100.0,147000.0,139100.0,143800.0,1183866,169493565500
2026/06/30 12:00,140500.0,146500.0,140500.0,141100.0,1565825,223875328300
2026/07/11 12:00,137200.0,137200.0,137200.0,137200.0,128535,17635002000
2026/07/12 12:00,133100.0,133100.0,133100.0,133100.0,40067,5332917700
2026/07/13 12:00,129200.0,129200.0,129200.0,129200.0,254820,32922744000
2026/07/14 12:00,125400.0,125400.0,125400.0,125400.0,2069901,259565585400
2026/07/15 12:00,123800.0,128900.0,121700.0,121900.0,2348929,289901521500
2026/07/18 12:00,119700.0,119700.0,119700.0,119700.0,424619,50826894300
2026/07/19 12:00,116200.0,120600.0,116200.0,118200.0,2172409,254470801800
2026/07/20 12:00,117400.0,120600.0,117400.0,120600.0,1645659,198402500600
2026/07/21 12:00,124200.0,124200.0,124100.0,124200.0,725873,90153417400
2026/07/22 12:00,127900.0,127900.0,122100.0,127900.0,2664819,337390344200
2026/07/25 12:00,130300.0,130300.0,130300.0,130300.0,898527,117078068100
2026/07/26 12:00,134200.0,134200.0,134200.0,134200.0,291945,39179019000
