,mi_score,shap_score,rfe_rank,in_mi,in_shap,in_rfe,vote_count,selected,mi_score_norm,shap_score_norm,rfe_score_norm,avg_norm_score
tse_index_close,0.21384831647413627,0.04262103,1,True,True,True,3,True,1.0,0.6729116,1.0,0.8909705281257629
tse_index_vol_20,0.16573705889827206,0.046600662,1,True,True,True,3,True,0.7750215743144137,0.735743,1.0,0.8369215201722179
gold_usd_close,0.2020024970708243,0.022804767,1,True,True,True,3,True,0.9446064406836485,0.3600474,1.0,0.7682179468937865
tse_index_to_sma50,0.12143601670407467,0.04355938,1,True,True,True,3,True,0.5678605223846205,0.68772644,1.0,0.7518623201433741
tse_index_to_sma20,0.16474354031496574,0.02947488,1,True,True,True,3,True,0.7703756710887669,0.46535683,1.0,0.7452441659569978
tse_index_ret_1d,0.20351290912692876,0.015561008,1,True,True,True,3,True,0.9516694472156038,0.2456811,1.0,0.7324501847532746
ret_1d,0.035966341816353165,0.063338235,1,False,True,True,2,True,0.16818622848828033,1.0,1.0,0.7227287428294268
btc_usd_close,0.18578270107508255,0.016718104,1,True,True,True,3,True,0.868759240840467,0.26394963,1.0,0.7109029578283734
tse_index_ret_20d,0.16813620036346988,0.020375278,1,True,True,True,3,True,0.7862404677092933,0.32169002,1.0,0.7026434968848991
oil_usd_close,0.17802081934918101,0.017380115,1,True,True,True,3,True,0.832463038682428,0.27440163,1.0,0.7022882245379974
silver_usd_close,0.2030192083215776,0.009421748,1,True,False,True,2,True,0.9493607977322169,0.14875293,1.0,0.699371241837456
tse_index_ret_5d,0.1954139871465057,0.011655528,1,True,True,True,3,True,0.9137971734752465,0.18402041,1.0,0.69927252947457
silver_usd_ret_5d,0.19855529536310845,0.0056619635,1,True,False,True,2,True,0.9284865957180569,0.089392506,1.0,0.6726263671014014
gold_usd_ret_5d,0.19742984910985584,0.0059733978,1,True,False,True,2,True,0.9232237707783585,0.09430951,1.0,0.6725110931929551
oil_usd_ret_5d,0.19950677234710357,0.0053258166,1,True,False,True,2,True,0.9329359035250239,0.08408533,1.0,0.6723404112973707
oil_usd_ret_20d,0.16682367698282397,0.010684014,1,True,True,True,3,True,0.7801028305172575,0.1686819,1.0,0.649594911730278
oil_usd_vol_20,0.15957474527710236,0.011703865,1,True,True,True,3,True,0.7462052912462466,0.18478356,1.0,0.6436629514213639
btc_usd_ret_1d,0.18660202595188125,0.0034515124,1,True,False,True,2,True,0.8725905774172867,0.054493345,1.0,0.6423613075791704
silver_usd_ret_20d,0.16730140440937724,0.009107264,1,True,False,True,2,True,0.7823367850997854,0.14378777,1.0,0.6420415188543932
btc_usd_ret_5d,0.1768192488836,0.003529624,1,True,False,True,2,True,0.826844240810216,0.055726595,1.0,0.6275236120110553
gold_usd_vol_20,0.16105858661419603,0.007816534,1,True,False,True,2,True,0.7531440474710267,0.1234094,1.0,0.6255178151237104
oil_usd_to_sma20,0.15892861418773352,0.008402953,1,True,False,True,2,True,0.743183845484961,0.13266793,1.0,0.6252839248063528
silver_usd_vol_20,0.1599159610170946,0.0077489507,1,True,False,True,2,True,0.7478008882825856,0.122342385,1.0,0.6233810912114145
gold_usd_ret_20d,0.17136397810308157,0.004175411,1,True,False,True,2,True,0.8013342397474851,0.06592244,1.0,0.6224188929486144
btc_usd_ret_20d,0.1495165959333531,0.010348732,1,True,True,True,3,True,0.6991712555821605,0.16338839,1.0,0.6208532139836374
pct_from_52w_low,0.04309246229301911,0.041241985,1,False,True,True,2,True,0.20150947645281506,0.65113884,1.0,0.6175494395195602
silver_usd_to_sma20,0.15726971023193093,0.005601161,1,True,False,True,2,True,0.7354264593939499,0.08843254,1.0,0.6079530007912224
bb_wband,0.02977624612593388,0.04294958,1,False,True,True,2,True,0.13924003058277593,0.6780988,1.0,0.6057796094603108
atr_pct,0.018403324006644795,0.046002984,1,False,True,True,2,True,0.08605783907992828,0.7263067,1.0,0.6041215053148508
btc_usd_vol_20,0.1478318392773561,0.006783263,1,True,False,True,2,True,0.6912929767919661,0.10709586,1.0,0.5994629455789289
gold_usd_to_sma20,0.15366354647858138,0.0050161486,1,True,False,True,2,True,0.7185632742503545,0.079196215,1.0,0.5992531629754193
btc_usd_to_sma20,0.1474545993686216,0.0061884094,1,True,False,True,2,True,0.6895289231161911,0.097704165,1.0,0.5957443626000033
gold_usd_to_sma50,0.11005363287185466,0.010468929,1,True,True,True,3,True,0.514634085909042,0.1652861,1.0,0.5599733932864379
silver_usd_to_sma50,0.1111909881115114,0.009745551,1,True,False,True,2,True,0.5199525997903253,0.15386522,1.0,0.557939272650954
silver_usd_ret_1d,0.16549417519975185,0.0026611418,2,True,False,False,1,False,0.773885798721111,0.042014778,0.8333333333333334,0.5497446365716048
oil_usd_to_sma50,0.11329356053808404,0.0067371004,1,True,False,True,2,True,0.5297846735762647,0.10636704,1.0,0.5453839034255045
btc_usd_to_sma50,0.10825329230597047,0.0041135703,1,True,False,True,2,True,0.5062153122868428,0.064946085,1.0,0.5237204658338191
usd_irr_vol_20,0.08801313562791124,0.008743311,1,False,False,True,1,False,0.4115680547737954,0.1380416,1.0,0.5165365517862598
ret_2d,0.031064211805221564,0.018604895,1,False,True,True,2,True,0.1452628307643404,0.29373878,1.0,0.47966720439006455
up_streak,0.014598473139315171,0.023144001,1,False,True,True,2,True,0.06826555092885556,0.36540332,1.0,0.4778896250981572
usd_irr_to_sma20,0.06743217801676593,0.0063134423,1,False,False,True,1,False,0.3153271399493176,0.09967822,1.0,0.4716684527713444
daily_range_pct,0.023257205633272715,0.019053731,1,False,True,True,2,True,0.10875561714363807,0.3008251,1.0,0.46986023545329014
volatility_20,0.03260223870102408,0.016121753,1,False,True,True,2,True,0.1524549701328471,0.25453427,1.0,0.4689964148241743
usd_irr_close,0.05013177384022738,0.010110679,1,False,False,True,1,False,0.2344267874855612,0.15962994,1.0,0.4646855761573982
volatility_10,0.028706464688784017,0.014187232,1,False,True,True,2,True,0.13423750610754,0.22399159,1.0,0.45274303128853477
price_to_sma10,0.02718724198133149,0.013088945,1,False,True,True,2,True,0.1271332991046466,0.20665157,1.0,0.44459495583914244
ret_3d,0.03067452191789366,0.01162323,1,False,True,True,2,True,0.1434405583529743,0.18351048,1.0,0.442317013554741
gap_pct,0.019980593948099923,0.013608441,1,False,True,True,2,True,0.09343348723774714,0.2148535,1.0,0.43609566086572266
usd_irr_ret_20d,0.045259896537753974,0.0059504034,1,False,False,True,1,False,0.2116448578318731,0.093946464,1.0,0.4351971073972111
oil_usd_ret_1d,0.16462337600644084,0.0013943128,4,True,False,False,1,False,0.7698137573430516,0.022013761,0.5,0.43060917281540156
volatility_5,0.02484146581971247,0.010508997,1,False,True,True,2,True,0.11616395316685556,0.1659187,1.0,0.4273608820377632
cci,0.013192405780532823,0.013640077,1,False,True,True,2,True,0.061690482291584324,0.21535297,1.0,0.4256811498910205
stoch_d,0.017422517697053053,0.0112753995,1,False,True,True,2,True,0.08147138113738767,0.17801884,1.0,0.4198300731015261
upper_shadow,0.004714285159222342,0.014920416,1,False,True,True,2,True,0.02204499542923691,0.23556729,1.0,0.4192040940132801
pct_from_52w_high,0.026865860853152235,0.008330884,1,False,False,True,1,False,0.1256304529121767,0.1315301,1.0,0.41905351965994475
ret_5d,0.029618484667564893,0.0073077995,1,False,False,True,1,False,0.1385023046049889,0.11537738,1.0,0.41795989534965544
ret_zscore,0.01726861632193888,0.0107728215,1,False,True,True,2,True,0.08075170572608842,0.17008401,1.0,0.4169452400870129
avg_trade_value,0.013132492643009197,0.011885935,1,False,True,True,2,True,0.061410315776778614,0.18765815,1.0,0.41635615393350967
volume_ratio_20,0.010547647694128859,0.012457607,1,False,True,True,2,True,0.04932303357835663,0.19668384,1.0,0.4153356241806217
sma10_to_sma50,0.019230689950056057,0.007871957,1,False,False,True,1,False,0.08992677738654023,0.12428443,1.0,0.40473706957495015
obv_slope,0.008861364927233772,0.010883362,1,False,True,True,2,True,0.04143761837052154,0.17182925,1.0,0.4044222906018855
macd_norm,0.02088323024834704,0.006124697,1,False,False,True,1,False,0.09765440566782646,0.09669826,1.0,0.3981175558217515
ret_10d,0.02586036661133706,0.0043036276,1,False,False,True,1,False,0.12092854897206883,0.067946754,1.0,0.39629176778934355
trade_count_ratio,0.008001030211806537,0.0088098,1,False,False,True,1,False,0.03741451110640011,0.13909134,1.0,0.3921686179313357
stock_vs_usd_ret_5d,0.02288873477690201,0.0037264281,1,False,False,True,1,False,0.10703256941314415,0.058833785,1.0,0.38862211825607845
di_plus,0.011401677977952662,0.007076591,1,False,False,True,1,False,0.053316659985638136,0.111727,1.0,0.388347886422825
macd_diff_lag5,0.008787678957870693,0.0067742364,1,False,False,True,1,False,0.04109304717829524,0.10695335,1.0,0.38268213328934614
lower_shadow,0.006672434197052102,0.0070184385,1,False,False,True,1,False,0.03120171487466021,0.11080887,1.0,0.3806701955203729
volume_ratio_20_lag1,0.0050178180976652165,0.007307752,1,False,False,True,1,False,0.023464379707997807,0.11537663,1.0,0.3796136695477783
rsi_14_lag5,0.020951004124699413,0.0020583868,1,False,False,True,1,False,0.09797133066153138,0.03249833,1.0,0.3768232201797949
di_minus,0.00471451225601216,0.00612748,1,False,False,True,1,False,0.022046057381902996,0.0967422,1.0,0.3729294184177037
mfi,0.011473926231848175,0.0039951424,1,False,False,True,1,False,0.053654508115970515,0.06307632,1.0,0.3722436084754346
macd_diff_lag3,0.010417224890209464,0.00392115,1,False,False,True,1,False,0.04871314893643022,0.061908107,1.0,0.3702070853957864
volume_ratio_20_lag2,0.005085255829545332,0.005315558,1,False,False,True,1,False,0.023779732818987914,0.08392337,1.0,0.3692343674883534
vol_ratio_5_20,0.009193952202199096,0.0032450852,1,False,False,True,1,False,0.04299286687772944,0.051234223,1.0,0.3647423632754269
stock_vs_tse_index_ret_20d,0.013144470705910294,0.002055977,1,False,False,True,1,False,0.061466327734686854,0.032460283,1.0,0.36464220374090733
di_diff,0.006952538454962909,0.0033141149,1,False,False,True,1,False,0.03251154168334909,0.05232408,1.0,0.3616118735534857
adx_lag5,0.0030089013926066777,0.0026959141,1,False,False,True,1,False,0.014070259902984024,0.04256377,1.0,0.35221134328978265
avg_trade_value_ratio,0.005960991998942067,0.009418654,2,False,False,False,0,False,0.027874860542392976,0.14870408,0.8333333333333334,0.33663742521649476
gold_usd_ret_1d,0.16603027613454957,0.0012398241,6,True,False,False,1,False,0.7763927201859921,0.019574655,0.16666666666666663,0.3208780140241904
volume_ratio_20_lag3,0.002598326712005772,0.002070702,2,False,False,False,0,False,0.012150325776915922,0.032692764,0.8333333333333334,0.29272547435488344
ret_1d_lag1,0.02046382314624484,0.004624448,3,False,False,False,0,False,0.09569316926897493,0.07301194,0.6666666666666667,0.2784572593811516
stock_vs_usd_ret_20d,0.022799474103846862,0.0032393902,3,False,False,False,0,False,0.10661516760925414,0.05114431,0.6666666666666667,0.27480871453927613
stock_vs_tse_index_ret_5d,0.018199032583771757,0.0017026011,3,False,False,False,0,False,0.08510252913762277,0.026881095,0.6666666666666667,0.2595500969420842
usd_irr_ret_5d,0.04631309680158591,0.0017584875,4,False,False,False,0,False,0.21656984523040287,0.027763445,0.5,0.24811109672023932
down_streak,0.012995728502772419,0.012865351,5,False,True,False,1,False,0.06077077770375704,0.2031214,0.33333333333333337,0.19907516831869385
body_ratio,0.003051199587816633,0.0046415543,4,False,False,False,0,False,0.014268055218408316,0.073282026,0.5,0.19585002699095336
roc_20,0.02673648535343842,0.0024061901,5,False,False,False,0,False,0.12502546568643222,0.037989534,0.33333333333333337,0.16544944448580734
volume_ratio_20_lag5,0.0027699016240805285,0.0011432141,5,False,False,False,0,False,0.012952646388570153,0.018049352,0.33333333333333337,0.12144511053097239
ret_1d_lag5,0.01923908409879793,0.0014016667,6,False,False,False,0,False,0.0899660302031173,0.022129865,0.16666666666666663,0.09292085407767474
volume_ratio_5,0.0030845090528002217,0.002488424,6,False,False,False,0,False,0.01442381732835982,0.039287865,0.16666666666666663,0.07345944971897407
usd_irr_ret_1d,0.031067411127359,0.00042422372,7,False,False,False,0,False,0.1452777914719587,0.0066977507,0.0,0.05065851404076833
ret_1d_lag2,0.019672841564821297,0.002217136,7,False,False,False,0,False,0.09199437194166836,0.0350047,0.0,0.042333024469012215
ret_1d_lag3,0.018477956037706633,0.0014966298,7,False,False,False,0,False,0.08640683425694135,0.023629168,0.0,0.03667866743514745
