date,open,high,low,adjClose,value,volume,count,yesterday,close
2024-12-17,10000.0,10000.0,10000.0,10000.0,1212541310000,121254131,565,10000.0,10000.0
2024-12-18,10000.0,10000.0,10000.0,10000.0,334690000000,33469000,260,10000.0,10000.0
2024-12-21,10000.0,10000.0,10000.0,10000.0,1413616200000,141361620,429,10000.0,10000.0
2025-01-15,10230.0,10300.0,10150.0,10230.0,23297722630,2278418,215,10000.0,10200.0
2025-01-18,10200.0,10320.0,10130.0,10250.0,12453102760,1215011,150,10230.0,10230.0
2025-01-19,10300.0,10320.0,10100.0,10130.0,52400885210,5171750,160,10250.0,10120.0
2025-01-20,10120.0,10150.0,10030.0,10100.0,94977013370,9404726,121,10130.0,10030.0
2025-01-21,10030.0,10100.0,10020.0,10030.0,16440609610,1638584,99,10100.0,10030.0
2025-01-22,10100.0,10230.0,10100.0,10140.0,9340843350,921093,64,10030.0,10230.0
2025-01-25,10340.0,10340.0,10130.0,10160.0,15724574620,1548354,54,10140.0,10130.0
2025-01-26,10140.0,10150.0,10100.0,10120.0,26851233290,2652126,50,10160.0,10100.0
2025-01-27,10080.0,10190.0,10080.0,10100.0,1143148550,113185,46,10120.0,10100.0
2025-01-29,10120.0,10170.0,10100.0,10100.0,36134727990,3577194,32,10100.0,10110.0
2025-02-01,10290.0,10290.0,10080.0,10080.0,19249109360,1909520,39,10100.0,10110.0
2025-02-02,10100.0,10150.0,10090.0,10100.0,40212815340,3981340,33,10080.0,10090.0
2025-02-03,10130.0,10270.0,10080.0,10080.0,20381146070,2021874,20,10100.0,10150.0
2025-02-04,10270.0,10320.0,10140.0,10180.0,42328476010,4158459,38,10080.0,10140.0
2025-02-05,10180.0,10290.0,10130.0,10150.0,135222366180,13318818,61,10180.0,10140.0
2025-02-09,10150.0,10160.0,10060.0,10100.0,72215625410,7152204,39,10150.0,10130.0
2025-02-11,10090.0,10090.0,10000.0,10000.0,41409215670,4140885,51,10100.0,10000.0
2025-02-15,10000.0,10000.0,9900.0,9900.0,40975545630,4137907,29,10000.0,9910.0
2025-02-16,9900.0,9910.0,9900.0,9900.0,823713840,83200,11,9900.0,9900.0
2025-02-17,10050.0,10050.0,10000.0,10050.0,524082930,52153,12,9900.0,10000.0
2025-02-18,10030.0,10030.0,9900.0,9900.0,357289400,36088,7,10050.0,9900.0
2025-02-19,9900.0,10000.0,9900.0,9910.0,11413006300,1151817,9,9900.0,9990.0
2025-02-22,9890.0,9890.0,9700.0,9710.0,3287236770,338588,54,9910.0,9700.0
2025-02-23,9700.0,9870.0,9700.0,9700.0,2495968700,257243,14,9710.0,9720.0
2025-02-24,9700.0,9880.0,9700.0,9740.0,1249547420,128261,16,9700.0,9780.0
2025-02-25,9830.0,9890.0,9830.0,9890.0,374023330,37835,12,9740.0,9840.0
2025-02-26,9680.0,9680.0,9670.0,9670.0,942448350,97413,27,9890.0,9670.0
2025-03-01,9700.0,9710.0,9700.0,9700.0,43321250,4466,7,9670.0,9700.0
2025-03-02,9700.0,9710.0,9700.0,9710.0,284599810,29311,5,9700.0,9710.0
2025-03-03,9500.0,9570.0,9460.0,9460.0,1819575930,192323,11,9710.0,9570.0
2025-03-04,9520.0,9610.0,9410.0,9450.0,1654033940,175038,12,9460.0,9570.0
2025-03-05,9330.0,9480.0,9330.0,9330.0,116081700,12440,7,9450.0,9330.0
2025-03-08,9340.0,9340.0,9210.0,9230.0,537433700,58250,16,9330.0,9210.0
2025-03-09,9210.0,9210.0,9040.0,9110.0,8292885420,910703,25,9230.0,9100.0
2025-03-10,9070.0,9080.0,9030.0,9050.0,286839260,31699,14,9110.0,9030.0
2025-03-11,9010.0,9020.0,9010.0,9010.0,865277330,96033,5,9050.0,9010.0
2025-03-12,9010.0,9020.0,9010.0,9020.0,352259680,39068,6,9010.0,9020.0
2025-03-15,9180.0,9180.0,9100.0,9180.0,9475178600,1032332,7,9020.0,9130.0
2025-03-16,9040.0,9130.0,9030.0,9030.0,9152592000,1013500,8,9180.0,9070.0
2025-03-17,9060.0,9100.0,9020.0,9070.0,298676900,32930,9,9030.0,9020.0
2025-03-18,8960.0,9060.0,8900.0,8920.0,320002520,35887,13,9070.0,8900.0
2025-03-25,8980.0,9180.0,8980.0,9010.0,370409810,41090,13,8920.0,9000.0
2025-03-26,9170.0,9170.0,9020.0,9070.0,3274370,361,4,9010.0,9020.0
2025-03-29,9170.0,9170.0,9000.0,9110.0,54640000,6000,4,9070.0,9130.0
2025-03-30,9160.0,9160.0,9010.0,9020.0,253852360,28134,11,9110.0,9010.0
2025-04-05,9000.0,9230.0,9000.0,9090.0,218034120,23994,7,9020.0,9210.0
2025-04-06,9040.0,9150.0,9020.0,9050.0,38466820,4250,6,9090.0,9150.0
2025-04-07,8970.0,8970.0,8920.0,8940.0,74236900,8305,8,9050.0,8930.0
2025-04-08,9090.0,9180.0,9050.0,9070.0,1723863110,190011,35,8940.0,9100.0
2025-04-09,9100.0,9100.0,9010.0,9050.0,824711280,91128,5,9070.0,9010.0
2025-04-12,9040.0,9050.0,9010.0,9010.0,278559140,30914,7,9050.0,9010.0
2025-04-13,9200.0,9280.0,9200.0,9280.0,6973434130,751646,31,9010.0,9250.0
2025-04-14,9330.0,9500.0,9260.0,9350.0,6308885600,674588,23,9280.0,9260.0
2025-04-15,9250.0,9250.0,9210.0,9250.0,140086450,15145,8,9350.0,9250.0
2025-04-16,9190.0,9220.0,9180.0,9190.0,1011348590,110058,11,9250.0,9220.0
2025-04-19,9270.0,9350.0,9260.0,9280.0,696010460,74994,13,9190.0,9350.0
2025-04-20,9460.0,9550.0,9440.0,9550.0,15167378590,1588249,30,9280.0,9550.0
2025-04-21,9680.0,9810.0,9600.0,9720.0,3330827220,342731,22,9550.0,9600.0
2025-04-22,9750.0,9880.0,9750.0,9810.0,426641600,43508,18,9720.0,9880.0
2025-04-23,9810.0,9980.0,9660.0,9750.0,306278020,31420,16,9810.0,9660.0
2025-04-26,9750.0,9810.0,9750.0,9760.0,15574878880,1595594,19,9750.0,9780.0
2025-04-27,9790.0,9810.0,9700.0,9790.0,5276031590,539018,5,9760.0,9810.0
2025-04-28,9850.0,10010.0,9780.0,9850.0,37986686310,3855739,29,9790.0,9840.0
2025-04-29,10140.0,10140.0,9930.0,10110.0,1718838065760,169988766,1399,9850.0,10040.0
2025-04-30,10080.0,10230.0,10030.0,10140.0,883682081880,87157671,1249,10110.0,10220.0
2025-05-03,9840.0,9840.0,9840.0,9840.0,65602463280,6666917,104,10140.0,9840.0
2025-05-04,9550.0,9950.0,9550.0,9600.0,155679024470,16220883,342,9840.0,9660.0
2025-05-05,9800.0,9800.0,9670.0,9700.0,50699404310,5224544,145,9600.0,9700.0
2025-05-06,9990.0,9990.0,9910.0,9990.0,183943392690,18414261,137,9700.0,9990.0
2025-05-07,10270.0,10280.0,10180.0,10270.0,54109221200,5269131,172,9990.0,10280.0
2025-05-10,10430.0,10430.0,10010.0,10240.0,71568734380,6992098,138,10270.0,10100.0
2025-05-11,10240.0,10250.0,10000.0,10120.0,43359379920,4283600,80,10240.0,10000.0
2025-05-12,10400.0,10410.0,10330.0,10360.0,25248394890,2436303,135,10120.0,10340.0
2025-05-13,10310.0,10420.0,10310.0,10390.0,23997107020,2310202,92,10360.0,10400.0
2025-05-14,10310.0,10590.0,10300.0,10380.0,39432420930,3800490,92,10390.0,10300.0
2025-05-17,10450.0,10640.0,10450.0,10590.0,58602831440,5531682,110,10380.0,10530.0
2025-05-18,10600.0,10860.0,10600.0,10680.0,14740640210,1379974,54,10590.0,10860.0
2025-05-19,10610.0,10800.0,10600.0,10610.0,59655892240,5625221,56,10680.0,10600.0
2025-05-20,10830.0,10830.0,10470.0,10470.0,28002535440,2673731,74,10610.0,10470.0
2025-05-21,10350.0,10390.0,10160.0,10210.0,8164693650,800031,32,10470.0,10200.0
2025-05-24,10500.0,10510.0,10310.0,10480.0,2252093220,214937,54,10210.0,10510.0
2025-05-25,10450.0,10760.0,10170.0,10420.0,194788187830,18693476,72,10480.0,10180.0
2025-05-26,10500.0,10650.0,10360.0,10470.0,927523800,88579,15,10420.0,10560.0
2025-05-27,10510.0,10770.0,10510.0,10720.0,12316121030,1149028,21,10470.0,10720.0
2025-05-28,10810.0,11040.0,10810.0,10930.0,135559996540,12406793,125,10720.0,11040.0
2025-05-31,11230.0,11230.0,10930.0,10940.0,9311902220,850820,35,10930.0,10930.0
2025-06-01,10930.0,10950.0,10710.0,10860.0,42157972170,3882390,45,10940.0,10800.0
2025-06-02,10940.0,11090.0,10860.0,11020.0,20213772400,1833651,46,10860.0,11000.0
2025-06-03,11240.0,11240.0,10950.0,10960.0,25612640730,2337270,47,11020.0,10950.0
2025-06-07,10880.0,10940.0,10750.0,10820.0,3901583760,360451,17,10960.0,10880.0
2025-06-08,10890.0,10890.0,10710.0,10870.0,2533303770,233118,28,10820.0,10890.0
2025-06-09,10990.0,11010.0,10880.0,11000.0,7736884700,703243,29,10870.0,10880.0
2025-06-10,10760.0,10840.0,10760.0,10780.0,6444020330,598001,31,11000.0,10840.0
2025-06-11,10810.0,10890.0,10740.0,10740.0,3846617150,358136,13,10780.0,10800.0
2025-06-28,10420.0,10420.0,10420.0,10420.0,1564000320,150096,2,10740.0,10420.0
2025-06-29,10110.0,10110.0,10110.0,10110.0,2528500890,250099,2,10420.0,10110.0
2025-06-30,9810.0,9810.0,9810.0,9810.0,9912024000,1010400,6,10110.0,9810.0
2025-07-01,9520.0,9520.0,9520.0,9520.0,9520000000,1000000,7,9810.0,9520.0
2025-07-02,9240.0,9520.0,9240.0,9240.0,42762561890,4626862,42,9520.0,9270.0
2025-07-07,9510.0,9510.0,9150.0,9380.0,2079745340,221720,18,9240.0,9440.0
2025-07-08,9400.0,9400.0,9300.0,9380.0,11347025000,1209175,18,9380.0,9300.0
2025-07-09,9380.0,9400.0,9380.0,9390.0,10421800,1110,2,9380.0,9400.0
2025-07-12,9400.0,9660.0,9400.0,9480.0,3087045680,325762,13,9390.0,9650.0
2025-07-13,9760.0,9760.0,9510.0,9740.0,10769149960,1105106,10,9480.0,9510.0
2025-07-14,9980.0,9980.0,9870.0,9870.0,9873403180,1000341,2,9740.0,9870.0
2025-07-15,9880.0,10100.0,9670.0,9890.0,6633418880,670889,15,9870.0,9720.0
2025-07-16,9770.0,9990.0,9770.0,9820.0,1111169040,113201,11,9890.0,9980.0
2025-07-19,9830.0,9930.0,9820.0,9830.0,3330318880,338866,8,9820.0,9820.0
2025-07-20,9890.0,9890.0,9780.0,9800.0,20548681290,2096960,15,9830.0,9780.0
2025-07-21,9980.0,10000.0,9820.0,9840.0,11060931970,1123962,15,9800.0,9950.0
2025-07-22,10070.0,10100.0,10050.0,10060.0,707942100,70340,8,9840.0,10050.0
2025-07-23,9950.0,9960.0,9950.0,9950.0,4899253650,492387,11,10060.0,9950.0
2025-07-26,9960.0,9960.0,9910.0,9910.0,1109565210,111916,7,9950.0,9910.0
2025-07-27,9990.0,10000.0,9900.0,9930.0,301969090,30400,5,9910.0,9900.0
2025-07-28,9800.0,9800.0,9710.0,9730.0,88413930,9086,8,9930.0,9710.0
2025-07-29,9570.0,9570.0,9570.0,9570.0,4785000,500,1,9730.0,9570.0
2025-07-30,9500.0,9660.0,9490.0,9490.0,1001590820,105527,3,9570.0,9490.0
2025-08-02,9490.0,9490.0,9440.0,9490.0,372557010,39269,2,9490.0,9440.0
2025-08-03,9400.0,9400.0,9340.0,9380.0,93757697500,10000284,49,9490.0,9340.0
2025-08-04,9520.0,9520.0,9520.0,9520.0,96209120,10106,3,9380.0,9520.0
2025-08-05,9400.0,9400.0,9390.0,9400.0,64011870,6810,5,9520.0,9400.0
2025-08-06,9290.0,9410.0,9220.0,9230.0,107979097580,11693152,39,9400.0,9410.0
2025-08-09,9210.0,9300.0,9210.0,9300.0,37524487530,4035193,11,9230.0,9300.0
2025-08-10,9260.0,9290.0,9260.0,9290.0,45201440000,4868000,10,9300.0,9260.0
2025-08-11,9350.0,9350.0,9220.0,9230.0,170700000,18500,3,9290.0,9220.0
2025-08-12,9300.0,9300.0,9150.0,9160.0,170523000,18620,3,9230.0,9150.0
2025-08-13,9150.0,9150.0,9030.0,9090.0,1236923380,136095,8,9160.0,9030.0
2025-08-16,9010.0,9100.0,9010.0,9010.0,181882610,20186,4,9090.0,9100.0
2025-08-17,9170.0,9280.0,9170.0,9260.0,17887248090,1931950,30,9010.0,9280.0
2025-08-18,9230.0,9370.0,9180.0,9250.0,14584983570,1576944,11,9260.0,9190.0
2025-08-19,9180.0,9200.0,9180.0,9200.0,1495111980,162515,5,9250.0,9200.0
2025-08-20,9190.0,9200.0,9150.0,9190.0,524167590,57061,6,9200.0,9150.0
2025-08-23,9370.0,9370.0,9300.0,9360.0,51500000,5500,2,9190.0,9300.0
2025-08-25,9210.0,9300.0,9210.0,9210.0,200787900,21800,2,9360.0,9300.0
2025-08-26,9040.0,9180.0,9030.0,9030.0,2088357790,231156,8,9210.0,9040.0
2025-08-27,9050.0,9110.0,9000.0,9020.0,1388541460,153988,12,9030.0,9000.0
2025-08-30,9000.0,9000.0,8860.0,8920.0,39431770,4419,7,9020.0,8900.0
2025-08-31,8900.0,9010.0,8900.0,9000.0,15304591710,1700511,7,8920.0,9010.0
2025-09-02,9030.0,9150.0,9030.0,9110.0,3851562060,422996,22,9000.0,9120.0
2025-09-03,9110.0,9280.0,9110.0,9220.0,22835169860,2476703,21,9110.0,9250.0
2025-09-06,9330.0,9330.0,9170.0,9210.0,973345810,105672,9,9220.0,9320.0
2025-09-07,9130.0,9390.0,9130.0,9310.0,187803750,20181,8,9210.0,9320.0
2025-09-08,9400.0,9570.0,9400.0,9490.0,1278151710,134635,9,9310.0,9500.0
2025-09-09,9500.0,9600.0,9470.0,9580.0,1156887460,120752,12,9490.0,9470.0
2025-09-13,9450.0,9490.0,9450.0,9490.0,460208760,48496,8,9580.0,9490.0
2025-09-14,9550.0,9590.0,9550.0,9590.0,313485000,32700,2,9490.0,9590.0
2025-09-15,9590.0,9590.0,9480.0,9500.0,338230590,35616,8,9590.0,9480.0
2025-09-16,9460.0,9460.0,9440.0,9460.0,53049540,5608,4,9500.0,9440.0
2025-09-17,9400.0,9400.0,9360.0,9400.0,197369400,21001,4,9460.0,9360.0
2025-09-20,9320.0,9320.0,9320.0,9320.0,652381360,69998,3,9400.0,9320.0
2025-09-21,9200.0,9200.0,9140.0,9140.0,1194530040,130686,3,9320.0,9140.0
2025-09-22,9190.0,9260.0,9190.0,9220.0,6570637160,712651,11,9140.0,9220.0
2025-09-23,9240.0,9370.0,9240.0,9280.0,1643662160,177109,9,9220.0,9290.0
2025-09-24,9250.0,9250.0,9250.0,9250.0,1272864750,137607,9,9280.0,9250.0
2025-09-27,9330.0,9480.0,9330.0,9450.0,39879307790,4219574,59,9250.0,9470.0
2025-09-28,9510.0,9670.0,9490.0,9580.0,28416666040,2967299,98,9450.0,9670.0
2025-09-29,9650.0,9860.0,9650.0,9790.0,47836151510,4888289,71,9580.0,9800.0
2025-09-30,9800.0,9800.0,9520.0,9790.0,13744176080,1403693,47,9790.0,9560.0
2025-10-01,9650.0,9690.0,9600.0,9680.0,1657026220,171186,6,9790.0,9690.0
2025-10-04,9820.0,9970.0,9820.0,9920.0,74404380830,7500702,74,9680.0,9960.0
2025-10-05,9980.0,10070.0,9880.0,9990.0,40941727370,4100158,54,9920.0,9990.0
2025-10-06,10010.0,10080.0,9940.0,10060.0,7098330280,705850,12,9990.0,9960.0
2025-10-07,9960.0,10150.0,9960.0,10080.0,30154181120,2992228,19,10060.0,10080.0
2025-10-08,10050.0,10100.0,9970.0,10090.0,2875085100,284924,10,10080.0,9970.0
2025-10-11,9960.0,10110.0,9960.0,10030.0,20986322350,2091490,20,10090.0,10090.0
2025-10-12,10050.0,10330.0,10050.0,10280.0,56649501450,5512319,51,10030.0,10330.0
2025-10-13,10250.0,10440.0,10150.0,10380.0,45624317080,4394059,65,10280.0,10160.0
2025-10-14,10250.0,10450.0,10240.0,10320.0,17788062200,1724438,16,10380.0,10240.0
2025-10-15,10120.0,10320.0,10120.0,10310.0,15969350690,1549004,5,10320.0,10320.0
2025-10-18,10300.0,10600.0,10300.0,10520.0,34490376440,3278643,34,10310.0,10600.0
2025-10-19,10450.0,10570.0,10450.0,10520.0,47740706130,4538505,37,10520.0,10510.0
2025-10-20,10400.0,10560.0,10400.0,10500.0,637682400,60746,14,10520.0,10460.0
2025-10-21,10550.0,10550.0,10480.0,10540.0,848059750,80444,6,10500.0,10480.0
2025-10-22,10500.0,10680.0,10500.0,10580.0,1925598700,181996,6,10540.0,10680.0
2025-10-25,10780.0,10880.0,10740.0,10840.0,123458141380,11391587,103,10580.0,10850.0
2025-10-26,10900.0,11020.0,10830.0,10920.0,27919728640,2556237,93,10840.0,10960.0
2025-10-27,10950.0,11200.0,10810.0,11050.0,98255748000,8892139,64,10920.0,11120.0
2025-10-28,11130.0,11200.0,11130.0,11150.0,18221871600,1634121,25,11050.0,11200.0
2025-10-29,11250.0,11300.0,11200.0,11220.0,22624044140,2016703,26,11150.0,11270.0
2025-11-01,11220.0,11470.0,11220.0,11350.0,16553133780,1458311,26,11220.0,11280.0
2025-11-02,11100.0,11450.0,11100.0,11390.0,1791002760,157204,13,11350.0,11450.0
2025-11-03,11310.0,11650.0,11310.0,11550.0,26020731200,2253037,40,11390.0,11640.0
2025-11-04,11550.0,11630.0,11550.0,11590.0,7998748200,689914,17,11550.0,11550.0
2025-11-05,11500.0,11590.0,11460.0,11570.0,2202253590,190309,18,11590.0,11590.0
2025-11-08,11690.0,11750.0,11680.0,11690.0,268259100,22943,8,11570.0,11700.0
2025-11-09,11600.0,11650.0,11500.0,11570.0,1322272740,114328,17,11690.0,11500.0
2025-11-10,11420.0,11420.0,11380.0,11400.0,1395808540,122391,8,11570.0,11410.0
2025-11-11,11520.0,11520.0,11310.0,11480.0,1452692860,126522,10,11400.0,11380.0
2025-11-12,11300.0,11400.0,11300.0,11350.0,2271056500,200005,4,11480.0,11400.0
2025-11-15,11500.0,11500.0,11380.0,11500.0,116194880,10105,5,11350.0,11380.0
2025-11-16,11330.0,11500.0,11330.0,11380.0,3455894230,303656,19,11500.0,11480.0
2025-11-17,11400.0,11660.0,11400.0,11600.0,25561957230,2203463,17,11380.0,11580.0
2025-11-18,11550.0,11620.0,11550.0,11600.0,463923100,40002,4,11600.0,11620.0
2025-11-19,11670.0,11680.0,11550.0,11650.0,71693935260,6153857,28,11600.0,11670.0
2025-11-22,11600.0,11740.0,11600.0,11670.0,27856490,2387,9,11650.0,11650.0
2025-11-23,11650.0,11780.0,11650.0,11750.0,58338790,4967,8,11670.0,11780.0
2025-11-25,11770.0,11900.0,11700.0,11750.0,12349111380,1051078,27,11750.0,11750.0
2025-11-26,11700.0,11800.0,11660.0,11700.0,11832760740,1011273,9,11750.0,11660.0
2025-11-29,11660.0,11720.0,11650.0,11650.0,12012297090,1031070,7,11700.0,11660.0
2025-11-30,11750.0,11760.0,11610.0,11750.0,12231654010,1040991,4,11650.0,11750.0
2025-12-01,11750.0,11950.0,11750.0,11810.0,3563453650,301715,7,11750.0,11810.0
2025-12-02,11900.0,12000.0,11880.0,11910.0,15543982200,1304847,11,11810.0,12000.0
2025-12-03,12000.0,12260.0,12000.0,12260.0,270443436390,22067987,85,11910.0,12260.0
2025-12-06,12450.0,12620.0,12450.0,12580.0,53683008080,4268929,88,12260.0,12620.0
2025-12-07,12560.0,12730.0,12520.0,12630.0,69950460950,5540617,48,12580.0,12550.0
2025-12-08,12610.0,12710.0,12600.0,12610.0,2056559220,163055,9,12630.0,12600.0
2025-12-09,12630.0,12850.0,12630.0,12760.0,14528315120,1138376,11,12610.0,12850.0
2025-12-10,13000.0,13140.0,13000.0,13110.0,68459009000,5220593,41,12760.0,13140.0
2025-12-13,13280.0,13430.0,13280.0,13320.0,26588301510,1996470,40,13110.0,13380.0
2025-12-14,13540.0,13640.0,13320.0,13450.0,11041826660,820986,15,13320.0,13640.0
2025-12-15,13630.0,13800.0,13630.0,13760.0,3687983310,268007,22,13450.0,13800.0
2025-12-16,13910.0,13990.0,13350.0,13750.0,15101617220,1098030,33,13760.0,13490.0
2025-12-17,13600.0,13900.0,13600.0,13870.0,153859684210,11094764,31,13750.0,13900.0
2025-12-20,13930.0,14210.0,13930.0,14080.0,63094175120,4479742,53,13870.0,14120.0
2025-12-21,14290.0,14290.0,14120.0,14190.0,46794809550,3297256,35,14080.0,14170.0
2025-12-22,14290.0,14370.0,14140.0,14250.0,2211846350,155213,20,14190.0,14210.0
2025-12-23,14250.0,14480.0,14250.0,14350.0,30681873640,2138490,21,14250.0,14480.0
2025-12-24,14780.0,14780.0,14780.0,14780.0,448554850160,30348772,144,14350.0,14780.0
2025-12-27,15100.0,15220.0,14900.0,15180.0,417132600770,27486598,467,14780.0,15220.0
2025-12-28,15630.0,15630.0,15500.0,15630.0,224402414510,14359606,143,15180.0,15630.0
2025-12-29,15660.0,16020.0,15170.0,15490.0,245753998540,15864784,243,15630.0,15400.0
2025-12-30,15040.0,15110.0,15030.0,15050.0,92293084430,6133956,56,15490.0,15030.0
2025-12-31,14600.0,15500.0,14600.0,14970.0,225820850980,15081399,194,15050.0,15460.0
2026-01-04,15410.0,15410.0,15100.0,15380.0,254489390090,16548453,142,14970.0,15410.0
2026-01-05,15010.0,15780.0,14920.0,15340.0,272018819000,17738406,379,15380.0,14930.0
2026-01-06,15300.0,15660.0,15050.0,15340.0,70765345650,4614082,238,15340.0,15630.0
2026-01-07,15600.0,15600.0,14880.0,15210.0,48307050330,3176851,99,15340.0,14880.0
2026-01-10,14760.0,14840.0,14760.0,14760.0,16883711760,1143574,47,15210.0,14760.0
2026-01-11,15160.0,15160.0,14400.0,14490.0,16924005720,1168086,155,14760.0,14550.0
2026-01-12,14830.0,14920.0,14570.0,14720.0,4915106780,333868,50,14490.0,14670.0
2026-01-13,14710.0,14710.0,14380.0,14580.0,5880607990,403287,30,14720.0,14380.0
2026-01-14,14150.0,14170.0,14150.0,14150.0,5515036200,389748,26,14580.0,14150.0
2026-01-18,14220.0,14500.0,14220.0,14360.0,18479048640,1286628,44,14150.0,14500.0
2026-01-19,14770.0,14780.0,14370.0,14520.0,67001924450,4615045,77,14360.0,14520.0
2026-01-20,14700.0,14950.0,14700.0,14940.0,16058942660,1074706,46,14520.0,14950.0
2026-01-21,15370.0,15380.0,15370.0,15380.0,136037608420,8845105,73,14940.0,15380.0
2026-01-24,15840.0,15840.0,14920.0,15470.0,176180812200,11386405,201,15380.0,15230.0
2026-01-25,15020.0,15060.0,15010.0,15010.0,46903621060,3124756,42,15470.0,15010.0
2026-01-26,14560.0,14560.0,14560.0,14560.0,14649835200,1006170,8,15010.0,14560.0
2026-01-27,14130.0,14250.0,14130.0,14130.0,22710956320,1607033,43,14560.0,14130.0
2026-01-28,13970.0,13970.0,13710.0,13790.0,30655088680,2223286,52,14130.0,13780.0
2026-01-31,14100.0,14100.0,13380.0,13410.0,9839826470,733567,13,13790.0,13380.0
2026-02-01,13100.0,13450.0,13090.0,13380.0,548413900,41002,10,13410.0,13450.0
2026-02-02,13500.0,13610.0,13460.0,13510.0,173870690,12872,8,13380.0,13520.0
2026-02-03,13350.0,13350.0,13110.0,13170.0,15801464900,1199378,17,13510.0,13180.0
2026-02-07,13560.0,13560.0,13530.0,13560.0,2781006000,205100,13,13170.0,13560.0
2026-02-08,13770.0,13770.0,13170.0,13210.0,2000706440,151413,8,13560.0,13170.0
2026-02-09,12820.0,13000.0,12820.0,12830.0,6726477020,524465,11,13210.0,13000.0
2026-02-10,12600.0,12650.0,12500.0,12550.0,493016270,39271,9,12830.0,12500.0
2026-02-14,12700.0,12700.0,12230.0,12610.0,51440530,4080,9,12550.0,12230.0
2026-02-15,12240.0,12250.0,12240.0,12240.0,2173975680,177612,7,12610.0,12250.0
2026-02-16,12040.0,12040.0,11880.0,11890.0,23792395980,2000419,29,12240.0,11950.0
2026-02-17,12000.0,12190.0,11950.0,11980.0,3601522030,300517,9,11890.0,12100.0
2026-02-18,12220.0,12220.0,12220.0,12220.0,81043040,6632,2,11980.0,12220.0
2026-02-21,12340.0,12340.0,12340.0,12340.0,12340000,1000,1,12220.0,12340.0
2026-02-22,12100.0,12100.0,11970.0,11972.0,11483751850,959203,13,12340.0,11970.0
2026-02-23,11614.0,11790.0,11613.0,11628.0,13452265335,1156840,42,11972.0,11613.0
2026-02-24,11530.0,11530.0,11350.0,11505.0,687572450,59765,5,11628.0,11500.0
2026-02-25,11720.0,11720.0,11570.0,11612.0,3335282390,287228,15,11505.0,11570.0
2026-05-19,11279.0,11960.0,11279.0,11695.0,82029759345,7013813,70,11612.0,11960.0
2026-05-20,12045.0,12045.0,12045.0,12045.0,12975921915,1077287,13,11695.0,12045.0
2026-05-23,12406.0,12406.0,12406.0,12406.0,12412203000,1000500,5,12045.0,12406.0
2026-05-24,12778.0,12778.0,12778.0,12778.0,12784478446,1000507,5,12406.0,12778.0
2026-05-25,13161.0,13161.0,13161.0,13161.0,16635148653,1263973,10,12778.0,13161.0
2026-05-26,13555.0,13555.0,13555.0,13555.0,6938804500,511900,4,13161.0,13555.0
2026-05-30,13961.0,13961.0,13961.0,13961.0,14321808084,1025844,7,13555.0,13961.0
2026-05-31,14379.0,14379.0,14379.0,14379.0,14429283363,1003497,6,13961.0,14379.0
2026-06-01,14810.0,14810.0,14810.0,14810.0,14857658580,1003218,8,14379.0,14810.0
2026-06-02,15254.0,15254.0,15254.0,15254.0,9704320228,636182,6,14810.0,15254.0
2026-06-03,15711.0,15711.0,15711.0,15711.0,13877432034,883294,19,15254.0,15711.0
2026-06-06,16182.0,16182.0,16182.0,16182.0,8107991100,501050,7,15711.0,16182.0
2026-06-07,16667.0,16667.0,16667.0,16667.0,1378494236,82708,3,16182.0,16667.0
2026-06-08,17167.0,17167.0,17167.0,17167.0,159886193526,9313578,74,16667.0,17167.0
2026-06-09,17682.0,17682.0,17682.0,17682.0,91115363682,5153001,14,17167.0,17682.0
2026-06-10,18212.0,18212.0,18212.0,18212.0,91161495476,5005573,18,17682.0,18212.0
2026-06-13,18758.0,18758.0,18758.0,18758.0,94388211378,5031891,18,18212.0,18758.0
2026-06-14,19320.0,19320.0,19320.0,19320.0,58143559320,3009501,15,18758.0,19320.0
2026-06-15,19899.0,19899.0,19899.0,19899.0,2075465700,104300,6,19320.0,19899.0
2026-06-16,20495.0,20495.0,20495.0,20495.0,106965925885,5219123,24,19899.0,20495.0
2026-06-17,21109.0,21109.0,21109.0,21109.0,107664343600,5100400,20,20495.0,21109.0
2026-06-20,21742.0,21742.0,20476.0,21291.0,1070925070683,50298949,514,21109.0,20794.0
2026-06-21,20653.0,20653.0,20653.0,20653.0,14876541777,720309,19,21291.0,20653.0
2026-06-22,20034.0,21259.0,20034.0,20050.0,151783419817,7570286,97,20653.0,20034.0
2026-06-23,20600.0,20600.0,19848.0,20064.0,168908516323,8418601,285,20050.0,20331.0
2026-06-27,20054.0,20665.0,20052.0,20538.0,329416784011,16039676,288,20064.0,20665.0
2026-06-28,19922.0,21040.0,19922.0,20209.0,127825672849,6325032,184,20538.0,19922.0
2026-06-29,19615.0,20815.0,19615.0,20555.0,205560655376,10000691,232,20209.0,20815.0
2026-06-30,21171.0,21171.0,21171.0,21171.0,21188212023,1000813,6,20555.0,21171.0
2026-07-01,21806.0,21806.0,21806.0,21806.0,24698871184,1132664,10,21171.0,21806.0
2026-07-07,22460.0,22460.0,22460.0,22460.0,22549121280,1003968,8,21806.0,22460.0
2026-07-08,23133.0,23133.0,21850.0,22759.0,719914648687,31631398,403,22460.0,22987.0
2026-07-11,23441.0,23441.0,23075.0,23435.0,1173334449632,50068479,448,22759.0,23441.0
2026-07-12,22735.0,22737.0,22732.0,22733.0,58856175012,2588980,128,23435.0,22732.0
2026-07-13,22052.0,23414.0,22052.0,22877.0,686505442510,30008933,708,22733.0,23414.0
2026-07-14,23410.0,23563.0,22199.0,23501.0,1176970085963,50082254,722,22877.0,23563.0
2026-07-15,24206.0,24206.0,23689.0,24158.0,466166417935,19296869,713,23501.0,24206.0
2026-07-18,23510.0,24049.0,23434.0,23435.0,87821869773,3747427,80,24158.0,23434.0
2026-07-19,22732.0,23429.0,22732.0,22850.0,653871739810,28616198,727,23435.0,23197.0
2026-07-20,23533.0,23535.0,23225.0,23531.0,329957259129,14022226,301,22850.0,23535.0
2026-07-21,24236.0,24236.0,24236.0,24236.0,5522754264,227874,13,23531.0,24236.0
2026-07-22,24963.0,24963.0,24611.0,24950.0,372886762355,14945420,454,24236.0,24963.0
2026-07-25,25698.0,25698.0,24202.0,24835.0,725976399871,29232011,913,24950.0,24378.0
2026-07-26,25480.0,25480.0,24090.0,24633.0,209795738237,8516905,537,24835.0,24090.0
2026-07-27,23895.0,24000.0,23895.0,23895.0,98172575352,4108439,244,24633.0,23895.0
2026-07-28,23179.0,24611.0,23179.0,23881.0,272033194465,11391354,436,23895.0,24470.0
